#Slug,Sha,Module,TestName,,Minimized-Location,Delay-Amount,Concurrent-Method
Accenture/mercury,8586dc79f8bf75a929896f0aac03fe95824d9578,system/platform-core,org.platformlambda.core.MulticastTest#routingTest,318,org/platformlambda/core/system/Platform#168,3200,506
Accenture/mercury,8586dc79f8bf75a929896f0aac03fe95824d9578,system/platform-core,org.platformlambda.core.ObjectStreamTest#asyncReadWrite,645,org/platformlambda/core/serializers/MsgPack#107,100,739
Alluxio/alluxio,78c063ae181279d81cbc0808a684864a8c8b311c,.,tachyon.DataServerTest#readTest,1950,tachyon/client/TachyonFS#281;tachyon/thrift/ClientFileInfo#1166,12800,817
Alluxio/alluxio,78c063ae181279d81cbc0808a684864a8c8b311c,.,tachyon.WorkerServiceHandlerTest#evictionTest,1808,tachyon/thrift/MasterService$worker_heartbeat_args#7588,800,824
Alluxio/alluxio,78c063ae181279d81cbc0808a684864a8c8b311c,.,tachyon.client.FileOutStreamTest#writeTest2,1964,tachyon/thrift/MasterService$user_getUserId_result#18477;tachyon/thrift/MasterService$worker_heartbeat_args#7581,12800,986
Alluxio/alluxio,78c063ae181279d81cbc0808a684864a8c8b311c,.,tachyon.client.RemoteBlockInStreamTest#readTest5,2023,tachyon/MasterInfo#1084,6400,830
Alluxio/alluxio,78c063ae181279d81cbc0808a684864a8c8b311c,.,tachyon.client.RemoteBlockInStreamTest#readTest6,2022,tachyon/thrift/MasterService$Processor$user_getWorker#3271,6400,829
Alluxio/alluxio,78c063ae181279d81cbc0808a684864a8c8b311c,.,tachyon.client.TachyonFSTest#deleteFileTest,1977,tachyon/thrift/MasterService$worker_heartbeat_args#7614,100,888
Alluxio/alluxio,78c063ae181279d81cbc0808a684864a8c8b311c,.,tachyon.client.TachyonFSTest#lockBlockTest1,1796,tachyon/thrift/Command#421,800,860
Alluxio/alluxio,78c063ae181279d81cbc0808a684864a8c8b311c,.,tachyon.client.TachyonFSTest#lockBlockTest3,1905,tachyon/MasterClient#658,1600,953
Alluxio/alluxio,78c063ae181279d81cbc0808a684864a8c8b311c,.,tachyon.client.TachyonFSTest#lockBlockTest4,1965,tachyon/MasterInfo#1586,3200,992
Alluxio/alluxio,78c063ae181279d81cbc0808a684864a8c8b311c,.,tachyon.client.TachyonFSTest#unlockBlockTest1,1924,tachyon/thrift/Command#421,800,978
Alluxio/alluxio,78c063ae181279d81cbc0808a684864a8c8b311c,.,tachyon.client.TachyonFSTest#unlockBlockTest2,1902,tachyon/WorkerStorage#555,400,953
Alluxio/alluxio,78c063ae181279d81cbc0808a684864a8c8b311c,.,tachyon.client.TachyonFSTest#unlockBlockTest3,1924,tachyon/Worker#127,1600,978
Alluxio/alluxio,78c063ae181279d81cbc0808a684864a8c8b311c,.,tachyon.client.TachyonFileTest#isInMemoryTest,1926,tachyon/thrift/ClientFileInfo#1173,12800,900
Alluxio/alluxio,78c063ae181279d81cbc0808a684864a8c8b311c,.,tachyon.client.TachyonFileTest#writeEmptyFileTest,1754,tachyon/thrift/MasterService$worker_heartbeat_args#7573,3200,748
Alluxio/alluxio,78c063ae181279d81cbc0808a684864a8c8b311c,.,tachyon.client.table.RawTableTest#rawtablePerfTest,2255,tachyon/thrift/MasterService$worker_register_result#6945,6400,1033
Alluxio/alluxio,78c063ae181279d81cbc0808a684864a8c8b311c,.,tachyon.command.TFsShellTest#fileinfoTest,1958,tachyon/CommonUtils#89,3200,843
TooTallNate/Java-WebSocket,fa3909c391195178ccf5a92d4ac342a30ae247c8,.,org.java_websocket.issues.Issue256Test#runReconnectBlockingScenario0,36,org/java_websocket/client/WebSocketClient#426,400,129
TooTallNate/Java-WebSocket,fa3909c391195178ccf5a92d4ac342a30ae247c8,.,org.java_websocket.issues.Issue256Test#runReconnectBlockingScenario1,36,org/java_websocket/client/WebSocketClient#401,400,130
TooTallNate/Java-WebSocket,fa3909c391195178ccf5a92d4ac342a30ae247c8,.,org.java_websocket.issues.Issue256Test#runReconnectBlockingScenario2,547,org/java_websocket/WebSocketImpl#341,100,128
TooTallNate/Java-WebSocket,fa3909c391195178ccf5a92d4ac342a30ae247c8,.,org.java_websocket.issues.Issue256Test#runReconnectBlockingScenario3,36,org/java_websocket/client/WebSocketClient#406,100,130
TooTallNate/Java-WebSocket,fa3909c391195178ccf5a92d4ac342a30ae247c8,.,org.java_websocket.issues.Issue256Test#runReconnectBlockingScenario4,36,org/java_websocket/client/WebSocketClient#425,200,128
TooTallNate/Java-WebSocket,fa3909c391195178ccf5a92d4ac342a30ae247c8,.,org.java_websocket.issues.Issue256Test#runReconnectBlockingScenario5,547,org/java_websocket/drafts/Draft#92,100,129
TooTallNate/Java-WebSocket,fa3909c391195178ccf5a92d4ac342a30ae247c8,.,org.java_websocket.issues.Issue256Test#runReconnectBlockingScenario6,36,org/java_websocket/client/WebSocketClient#401,200,127
TooTallNate/Java-WebSocket,fa3909c391195178ccf5a92d4ac342a30ae247c8,.,org.java_websocket.issues.Issue256Test#runReconnectBlockingScenario7,545,org/java_websocket/drafts/Draft#86,100,128
TooTallNate/Java-WebSocket,fa3909c391195178ccf5a92d4ac342a30ae247c8,.,org.java_websocket.issues.Issue256Test#runReconnectBlockingScenario8,36,org/java_websocket/client/WebSocketClient#422,200,129
TooTallNate/Java-WebSocket,fa3909c391195178ccf5a92d4ac342a30ae247c8,.,org.java_websocket.issues.Issue256Test#runReconnectBlockingScenario9,36,org/java_websocket/client/WebSocketClient#426,200,128
TooTallNate/Java-WebSocket,fa3909c391195178ccf5a92d4ac342a30ae247c8,.,org.java_websocket.issues.Issue256Test#runReconnectScenario0,36,org/java_websocket/client/WebSocketClient#406,100,130
TooTallNate/Java-WebSocket,fa3909c391195178ccf5a92d4ac342a30ae247c8,.,org.java_websocket.issues.Issue256Test#runReconnectScenario1,36,org/java_websocket/client/WebSocketClient#426,200,131
TooTallNate/Java-WebSocket,fa3909c391195178ccf5a92d4ac342a30ae247c8,.,org.java_websocket.issues.Issue256Test#runReconnectScenario2,36,org/java_websocket/client/WebSocketClient#406,200,131
TooTallNate/Java-WebSocket,fa3909c391195178ccf5a92d4ac342a30ae247c8,.,org.java_websocket.issues.Issue256Test#runReconnectScenario3,36,org/java_websocket/client/WebSocketClient#406,200,131
TooTallNate/Java-WebSocket,fa3909c391195178ccf5a92d4ac342a30ae247c8,.,org.java_websocket.issues.Issue256Test#runReconnectScenario4,36,org/java_websocket/client/WebSocketClient#406,200,131
TooTallNate/Java-WebSocket,fa3909c391195178ccf5a92d4ac342a30ae247c8,.,org.java_websocket.issues.Issue256Test#runReconnectScenario5,36,org/java_websocket/client/WebSocketClient#388,800,131
TooTallNate/Java-WebSocket,fa3909c391195178ccf5a92d4ac342a30ae247c8,.,org.java_websocket.issues.Issue256Test#runReconnectScenario6,564,org/java_websocket/drafts/Draft#86,100,131
TooTallNate/Java-WebSocket,fa3909c391195178ccf5a92d4ac342a30ae247c8,.,org.java_websocket.issues.Issue256Test#runReconnectScenario7,36,org/java_websocket/client/WebSocketClient#405,100,133
TooTallNate/Java-WebSocket,fa3909c391195178ccf5a92d4ac342a30ae247c8,.,org.java_websocket.issues.Issue256Test#runReconnectScenario8,550,org/java_websocket/client/WebSocketClient#384,100,133
TooTallNate/Java-WebSocket,fa3909c391195178ccf5a92d4ac342a30ae247c8,.,org.java_websocket.issues.Issue256Test#runReconnectScenario9,36,org/java_websocket/client/WebSocketClient#406,100,132
TooTallNate/Java-WebSocket,fa3909c391195178ccf5a92d4ac342a30ae247c8,.,org.java_websocket.issues.Issue580Test#runNoCloseBlockingTestScenario0,637,org/java_websocket/client/WebSocketClient$WebsocketWriteThread#646,3200,129
TooTallNate/Java-WebSocket,fa3909c391195178ccf5a92d4ac342a30ae247c8,.,org.java_websocket.issues.Issue580Test#runNoCloseBlockingTestScenario2,639,org/java_websocket/client/WebSocketClient$WebsocketWriteThread#646,3200,129
TooTallNate/Java-WebSocket,fa3909c391195178ccf5a92d4ac342a30ae247c8,.,org.java_websocket.issues.Issue580Test#runNoCloseBlockingTestScenario3,639,org/java_websocket/client/WebSocketClient$WebsocketWriteThread#646,3200,129
TooTallNate/Java-WebSocket,fa3909c391195178ccf5a92d4ac342a30ae247c8,.,org.java_websocket.issues.Issue580Test#runNoCloseBlockingTestScenario4,639,org/java_websocket/client/WebSocketClient$WebsocketWriteThread#646,3200,129
TooTallNate/Java-WebSocket,fa3909c391195178ccf5a92d4ac342a30ae247c8,.,org.java_websocket.issues.Issue580Test#runNoCloseBlockingTestScenario5,639,org/java_websocket/client/WebSocketClient$WebsocketWriteThread#646,3200,129
TooTallNate/Java-WebSocket,fa3909c391195178ccf5a92d4ac342a30ae247c8,.,org.java_websocket.issues.Issue580Test#runNoCloseBlockingTestScenario8,639,org/java_websocket/client/WebSocketClient$WebsocketWriteThread#646,3200,129
TooTallNate/Java-WebSocket,fa3909c391195178ccf5a92d4ac342a30ae247c8,.,org.java_websocket.issues.Issue677Test#testIssue,640,org/java_websocket/WebSocketImpl#513,100,134
TooTallNate/Java-WebSocket,fa3909c391195178ccf5a92d4ac342a30ae247c8,.,org.java_websocket.issues.Issue713Test#testIssue,480,org/java_websocket/drafts/Draft_6455#773,100,111
TooTallNate/Java-WebSocket,fa3909c391195178ccf5a92d4ac342a30ae247c8,.,org.java_websocket.misc.OpeningHandshakeRejectionTest#testHandshakeRejectionTestCase0,287,org/java_websocket/client/WebSocketClient#388,1600,67
TooTallNate/Java-WebSocket,fa3909c391195178ccf5a92d4ac342a30ae247c8,.,org.java_websocket.misc.OpeningHandshakeRejectionTest#testHandshakeRejectionTestCase1,287,org/java_websocket/client/WebSocketClient#388,1600,67
TooTallNate/Java-WebSocket,fa3909c391195178ccf5a92d4ac342a30ae247c8,.,org.java_websocket.misc.OpeningHandshakeRejectionTest#testHandshakeRejectionTestCase10,313,org/java_websocket/drafts/Draft#86,800,73
TooTallNate/Java-WebSocket,fa3909c391195178ccf5a92d4ac342a30ae247c8,.,org.java_websocket.misc.OpeningHandshakeRejectionTest#testHandshakeRejectionTestCase11,313,org/java_websocket/drafts/Draft#86,800,73
TooTallNate/Java-WebSocket,fa3909c391195178ccf5a92d4ac342a30ae247c8,.,org.java_websocket.misc.OpeningHandshakeRejectionTest#testHandshakeRejectionTestCase2,287,org/java_websocket/client/WebSocketClient#388,1600,67
TooTallNate/Java-WebSocket,fa3909c391195178ccf5a92d4ac342a30ae247c8,.,org.java_websocket.misc.OpeningHandshakeRejectionTest#testHandshakeRejectionTestCase3,287,org/java_websocket/client/WebSocketClient#388,1600,67
TooTallNate/Java-WebSocket,fa3909c391195178ccf5a92d4ac342a30ae247c8,.,org.java_websocket.misc.OpeningHandshakeRejectionTest#testHandshakeRejectionTestCase4,287,org/java_websocket/client/WebSocketClient#388,1600,67
TooTallNate/Java-WebSocket,fa3909c391195178ccf5a92d4ac342a30ae247c8,.,org.java_websocket.misc.OpeningHandshakeRejectionTest#testHandshakeRejectionTestCase5,287,org/java_websocket/client/WebSocketClient#388,1600,67
TooTallNate/Java-WebSocket,fa3909c391195178ccf5a92d4ac342a30ae247c8,.,org.java_websocket.misc.OpeningHandshakeRejectionTest#testHandshakeRejectionTestCase6,287,org/java_websocket/client/WebSocketClient#388,1600,67
TooTallNate/Java-WebSocket,fa3909c391195178ccf5a92d4ac342a30ae247c8,.,org.java_websocket.misc.OpeningHandshakeRejectionTest#testHandshakeRejectionTestCase7,287,org/java_websocket/client/WebSocketClient#388,1600,67
TooTallNate/Java-WebSocket,fa3909c391195178ccf5a92d4ac342a30ae247c8,.,org.java_websocket.misc.OpeningHandshakeRejectionTest#testHandshakeRejectionTestCase8,287,org/java_websocket/client/WebSocketClient#388,1600,67
TooTallNate/Java-WebSocket,fa3909c391195178ccf5a92d4ac342a30ae247c8,.,org.java_websocket.misc.OpeningHandshakeRejectionTest#testHandshakeRejectionTestCase9,287,org/java_websocket/client/WebSocketClient#388,1600,67
TooTallNate/Java-WebSocket,fa3909c391195178ccf5a92d4ac342a30ae247c8,.,org.java_websocket.protocols.ProtoclHandshakeRejectionTest#testHandshakeRejectionTestCase10,321,org/java_websocket/drafts/Draft#86,400,79
TooTallNate/Java-WebSocket,fa3909c391195178ccf5a92d4ac342a30ae247c8,.,org.java_websocket.protocols.ProtoclHandshakeRejectionTest#testHandshakeRejectionTestCase11,321,org/java_websocket/drafts/Draft#86,400,79
TooTallNate/Java-WebSocket,fa3909c391195178ccf5a92d4ac342a30ae247c8,.,org.java_websocket.protocols.ProtoclHandshakeRejectionTest#testHandshakeRejectionTestCase13,321,org/java_websocket/drafts/Draft#86,400,79
TooTallNate/Java-WebSocket,fa3909c391195178ccf5a92d4ac342a30ae247c8,.,org.java_websocket.protocols.ProtoclHandshakeRejectionTest#testHandshakeRejectionTestCase14,301,org/java_websocket/drafts/Draft#86,400,80
TooTallNate/Java-WebSocket,fa3909c391195178ccf5a92d4ac342a30ae247c8,.,org.java_websocket.protocols.ProtoclHandshakeRejectionTest#testHandshakeRejectionTestCase16,321,org/java_websocket/drafts/Draft#86,400,79
TooTallNate/Java-WebSocket,fa3909c391195178ccf5a92d4ac342a30ae247c8,.,org.java_websocket.protocols.ProtoclHandshakeRejectionTest#testHandshakeRejectionTestCase17,301,org/java_websocket/drafts/Draft#86,400,80
TooTallNate/Java-WebSocket,fa3909c391195178ccf5a92d4ac342a30ae247c8,.,org.java_websocket.protocols.ProtoclHandshakeRejectionTest#testHandshakeRejectionTestCase2,321,org/java_websocket/drafts/Draft#86,400,79
TooTallNate/Java-WebSocket,fa3909c391195178ccf5a92d4ac342a30ae247c8,.,org.java_websocket.protocols.ProtoclHandshakeRejectionTest#testHandshakeRejectionTestCase3,321,org/java_websocket/drafts/Draft#86,400,79
TooTallNate/Java-WebSocket,fa3909c391195178ccf5a92d4ac342a30ae247c8,.,org.java_websocket.protocols.ProtoclHandshakeRejectionTest#testHandshakeRejectionTestCase4,321,org/java_websocket/drafts/Draft#86,400,79
TooTallNate/Java-WebSocket,fa3909c391195178ccf5a92d4ac342a30ae247c8,.,org.java_websocket.protocols.ProtoclHandshakeRejectionTest#testHandshakeRejectionTestCase6,301,org/java_websocket/drafts/Draft#86,400,80
TooTallNate/Java-WebSocket,fa3909c391195178ccf5a92d4ac342a30ae247c8,.,org.java_websocket.protocols.ProtoclHandshakeRejectionTest#testHandshakeRejectionTestCase8,301,org/java_websocket/drafts/Draft#86,400,80
TooTallNate/Java-WebSocket,fa3909c391195178ccf5a92d4ac342a30ae247c8,.,org.java_websocket.protocols.ProtoclHandshakeRejectionTest#testHandshakeRejectionTestCase9,321,org/java_websocket/drafts/Draft#86,400,79
activiti/activiti,b11f757a,activiti-engine,org.activiti.engine.test.api.event.ActivityEventsTest#testActivityTimeOutEvent,1671,org/activiti/engine/impl/persistence/entity/VariableScopeImpl#64,1600,1923
activiti/activiti,b11f757a,activiti-engine,org.activiti.engine.test.bpmn.async.AsyncExclusiveJobsTest#testExclusiveJobs,1431,org/activiti/engine/impl/agenda/ContinueProcessOperation#85,400,3151
activiti/activiti,b11f757a,activiti-engine,org.activiti.engine.test.bpmn.async.AsyncTaskTest#testBasicAsyncCallActivity,1511,org/activiti/engine/impl/persistence/entity/ExecutionEntityImpl#42,400,1737
activiti/activiti,b11f757a,activiti-engine,org.activiti.engine.test.bpmn.event.end.TerminateEndEventTest#testTerminateInSubProcessWithBoundary,1633,org/activiti/engine/impl/persistence/AbstractManager#170,400,1824
activiti/activiti,b11f757a,activiti-engine,org.activiti.engine.test.bpmn.event.timer.BoundaryTimerNonInterruptingEventTest#testMultipleTimersOnUserTask,1497,org/activiti/engine/impl/util/json/JSONObject#1038,100,1775
activiti/activiti,b11f757a,activiti-engine,org.activiti.engine.test.bpmn.event.timer.IntermediateTimerEventTest#testCatchingTimerEvent,1587,org/activiti/engine/impl/persistence/entity/data/AbstractDataManager#126,1600,1716
activiti/activiti,b11f757a,activiti-engine,org.activiti.engine.test.bpmn.event.timer.IntermediateTimerEventTest#testTimerEventWithStartAndDuration,1566,org/activiti/engine/impl/util/ProcessDefinitionUtil#41,6400,1746
activiti/activiti,b11f757a,activiti-engine,org.activiti.engine.test.bpmn.event.timer.StartTimerEventRepeatWithEndTest#testCycleDateStartTimerEvent,1410,org/activiti/engine/impl/persistence/entity/ExecutionEntityImpl#407,800,3564
activiti/activiti,b11f757a,activiti-engine,org.activiti.engine.test.jobexecutor.AsyncExecutorTest#testAsyncExecutorDisabledOnOneEngine,3009,org/activiti/engine/impl/db/DbSqlSessionFactory#131,200,2552
activiti/activiti,b11f757a,activiti-engine,org.activiti.engine.test.jobexecutor.AsyncExecutorTest#testAsyncFailingScript,2726,org/activiti/engine/impl/db/DbSqlSessionFactory#131,200,2338
activiti/activiti,b11f757a,activiti-engine,org.activiti.engine.test.jobexecutor.JobExecutorExceptionsTest#testQueryByExceptionWithRealJobExecutor,1693,org/activiti/engine/delegate/event/impl/ActivitiEventBuilder#214,1600,2975
activiti/activiti,b11f757a,activiti-engine,org.activiti.engine.test.jobexecutor.JobExecutorTest#testBasicJobExecutorOperation,730,org/activiti/engine/impl/persistence/entity/JobEntityManagerImpl#47,100,1332
activiti/activiti,b11f757a,activiti-spring,org.activiti.spring.test.jobexecutor.SpringAsyncExecutorTest#testHappyJobExecutorPath,2379,org/activiti/engine/impl/interceptor/CommandContext#244;org/activiti/bpmn/converter/BpmnXMLConverter#489,12800,2842
alibaba/wasp,b2593d8,.,com.alibaba.wasp.executor.TestExecutorService#testExecutorService,195,com/alibaba/wasp/executor/EventHandler#198,100,59
apache/dubbo,737f7a7ea67832d7f17517326fb2491d0a086dd7,dubbo-config/dubbo-config-api,org.apache.dubbo.config.GenericServiceTest#testGenericImplementationWithBeanSerialization,1571,org/apache/dubbo/rpc/protocol/dubbo/CallbackServiceCodec#59,100,517
apache/dubbo,737f7a7ea67832d7f17517326fb2491d0a086dd7,dubbo-config/dubbo-config-api,org.apache.dubbo.config.GenericServiceTest#testGenericReferenceException,1312,org/apache/dubbo/rpc/protocol/dubbo/CallbackServiceCodec#57,100,480
apache/dubbo,737f7a7ea67832d7f17517326fb2491d0a086dd7,dubbo-config/dubbo-config-api,org.apache.dubbo.config.GenericServiceTest#testGenericSerializationJava,1393,org/apache/dubbo/common/utils/ReflectUtils#344,400,478
apache/dubbo,737f7a7ea67832d7f17517326fb2491d0a086dd7,dubbo-config/dubbo-config-api,org.apache.dubbo.config.GenericServiceTest#testGenericServiceException,1649,org/apache/dubbo/rpc/protocol/dubbo/CallbackServiceCodec#57,100,519
apache/dubbo,737f7a7ea67832d7f17517326fb2491d0a086dd7,dubbo-remoting/dubbo-remoting-netty,org.apache.dubbo.remoting.exchange.support.header.HeartbeatHandlerTest#testHeartbeat,600,org/apache/dubbo/remoting/buffer/ChannelBuffers#57,1600,265
apache/dubbo,737f7a7ea67832d7f17517326fb2491d0a086dd7,dubbo-rpc/dubbo-rpc-dubbo,org.apache.dubbo.rpc.protocol.dubbo.DubboProtocolTest#testDemoProtocol,1059,org/apache/dubbo/common/extension/ExtensionLoader#316,400,359
apache/dubbo,737f7a7ea67832d7f17517326fb2491d0a086dd7,dubbo-rpc/dubbo-rpc-dubbo,org.apache.dubbo.rpc.protocol.dubbo.DubboProtocolTest#testNonSerializedParameter,527,org/apache/dubbo/common/extension/ExtensionLoader#316,800,195
apache/dubbo,737f7a7ea67832d7f17517326fb2491d0a086dd7,dubbo-rpc/dubbo-rpc-dubbo,org.apache.dubbo.rpc.protocol.dubbo.DubboProtocolTest#testPerm,1209,org/apache/dubbo/common/extension/ExtensionLoader#316,400,395
apache/dubbo,737f7a7ea67832d7f17517326fb2491d0a086dd7,dubbo-rpc/dubbo-rpc-dubbo,org.apache.dubbo.rpc.protocol.dubbo.DubboProtocolTest#testReturnNonSerialized,974,org/apache/dubbo/common/extension/ExtensionLoader#319,400,366
apache/dubbo,737f7a7ea67832d7f17517326fb2491d0a086dd7,dubbo-rpc/dubbo-rpc-dubbo,org.apache.dubbo.rpc.protocol.dubbo.ExplicitCallbackTest#TestCallbackMultiInstans,1778,org/apache/dubbo/common/utils/ReflectUtils#344,100,506
apache/dubbo,737f7a7ea67832d7f17517326fb2491d0a086dd7,dubbo-rpc/dubbo-rpc-http,org.apache.dubbo.rpc.protocol.http.HttpProtocolTest#testGenericInvokeWithNativeJava,418,org/apache/dubbo/common/extension/ExtensionLoader#671,200,134
apache/dubbo,737f7a7ea67832d7f17517326fb2491d0a086dd7,dubbo-rpc/dubbo-rpc-rest,org.apache.dubbo.rpc.protocol.rest.RestProtocolTest#testFilter,251,org/apache/dubbo/common/URL#660,200,103
apache/dubbo,737f7a7ea67832d7f17517326fb2491d0a086dd7,dubbo-rpc/dubbo-rpc-rest,org.apache.dubbo.rpc.protocol.rest.RestProtocolTest#testNettyServer,227,org/apache/dubbo/common/threadlocal/InternalThreadLocal#98,800,91
apache/dubbo,737f7a7ea67832d7f17517326fb2491d0a086dd7,dubbo-rpc/dubbo-rpc-rest,org.apache.dubbo.rpc.protol.rest.RestProtocolTest#testRestProtocolWithContextPath,233,org/apache/dubbo/common/URL#660,200,88
apache/httpcore,49247d208bde47f652812493e1d3576e136b8eb8,httpcore,org.apache.http.pool.TestConnPool#testLeaseTimeout,55,org/apache/http/pool/AbstractConnPool#231,12800,17
apache/httpcore,49247d208bde47f652812493e1d3576e136b8eb8,httpcore,org.apache.http.pool.TestConnPool#testStatefulConnectionRedistributionOnPerRouteMaxLimit,49,org/apache/http/pool/AbstractConnPool$2#157,12800,20
apache/httpcore,49247d208bde47f652812493e1d3576e136b8eb8,httpcore-nio,org.apache.http.nio.protocol.TestAsyncNHttpHandlers#testDelayedHttpException,1065,org/apache/http/impl/nio/codecs/AbstractMessageWriter#94,6400,323
apache/httpcore,49247d208bde47f652812493e1d3576e136b8eb8,httpcore-nio,org.apache.http.nio.protocol.TestAsyncNHttpHandlers#testDelayedHttpGets,1074,org/apache/http/impl/nio/reactor/SessionInputBufferImpl#213,3200,318
apache/httpcore,49247d208bde47f652812493e1d3576e136b8eb8,httpcore-nio,org.apache.http.nio.protocol.TestAsyncNHttpHandlers#testHttpPostsChunked,1129,org/apache/http/impl/nio/reactor/SessionInputBufferImpl#212,3200,344
apache/httpcore,49247d208bde47f652812493e1d3576e136b8eb8,httpcore-nio,org.apache.http.nio.protocol.TestAsyncNHttpHandlers#testNoRequestHandler,1075,org/apache/http/impl/nio/reactor/SessionInputBufferImpl#212,6400,315
apache/httpcore,49247d208bde47f652812493e1d3576e136b8eb8,httpcore-nio,org.apache.http.nio.protocol.TestAsyncNHttpHandlers#testNoServiceHandler,1000,org/apache/http/impl/nio/reactor/SessionInputBufferImpl#213,3200,294
apache/httpcore,49247d208bde47f652812493e1d3576e136b8eb8,httpcore-nio,org.apache.http.nio.protocol.TestBufferingNHttpHandlers#testHttpPostsChunked,1148,org/apache/http/impl/nio/reactor/SessionInputBufferImpl#212,3200,363
apache/httpcore,49247d208bde47f652812493e1d3576e136b8eb8,httpcore-nio,org.apache.http.nio.protocol.TestBufferingNHttpHandlers#testHttpPostsHTTP10,1180,org/apache/http/impl/nio/codecs/AbstractMessageParser#191,6400,353
apache/httpcore,49247d208bde47f652812493e1d3576e136b8eb8,httpcore-nio,org.apache.http.nio.protocol.TestThrottlingNHttpHandlers#testSimpleHttpGets,1110,org/apache/http/impl/nio/codecs/AbstractMessageParser#196,12800,311
apache/httpcore,49247d208bde47f652812493e1d3576e136b8eb8,httpcore-nio,org.apache.http.nio.protocol.TestThrottlingNHttpHandlers#testSimpleHttpPostsChunked,1242,org/apache/http/impl/nio/reactor/SessionInputBufferImpl#213,3200,328
apache/incubator-uniffle,6fb2a9a63132ab9abbde2f1f9240f9caf2f5d0f0,common,org.apache.uniffle.common.rpc.GrpcServerTest#testGrpcExecutorPool,16,org/apache/uniffle/common/metrics/GRPCMetrics#89,100,46
cescoffier/vertx-completable-future,011d3cd963b9a810c2e8e616da27bbfd8a3c717e,.,me.escoffier.vertx.completablefuture.VertxCompletableFutureTest#testAcceptEitherAsyncWithExecutor,5,me/escoffier/vertx/completablefuture/VertxCompletableFuture#27,100,9
davidmoten/rxjava2-extras,7663d3b19295f12c35f80594efa1e507e98650b1,.,com.github.davidmoten.rx2.FlowablesTest#testCache,3,com/github/davidmoten/rx2/Flowables$4#306,800,11
davidmoten/rxjava2-extras,7663d3b19295f12c35f80594efa1e507e98650b1,.,com.github.davidmoten.rx2.flowable.TransformersTest#testBufferMaxCountAndTimeoutAsyncCountWins,85,com/github/davidmoten/rx2/flowable/Transformers$ListFactoryHolder$1#270,100,90
davidmoten/rxjava2-extras,d0315b6ecb0d24437ec0d440b6d768e89247d56c,.,com.github.davidmoten.rx2.internal.flowable.FlowableServerSocketTest#testLoad,42,com/github/davidmoten/rx2/internal/flowable/FlowableServerSocket$4#78,200,318
doanduyhai/Achilles,e3099bdce342910951c4862c78751fd81ed4552e,integration-test-2_1,info.archinnov.achilles.it.TestALLEntityAsChild#should_insert,88,info/archinnov/achilles/embedded/AchillesCassandraConfig#69,1600,6033
doanduyhai/Achilles,e3099bdce342910951c4862c78751fd81ed4552e,integration-test-2_1,info.archinnov.achilles.it.TestDSLSimpleEntity#should_dsl_select_with_token_value,88,info/archinnov/achilles/embedded/AchillesCassandraConfig#69,1600,6016
doanduyhai/Achilles,e3099bdce342910951c4862c78751fd81ed4552e,integration-test-2_1,info.archinnov.achilles.it.TestEntityWithComplexIndices#should_query_using_collection_index,82,info/archinnov/achilles/embedded/AchillesCassandraConfig#69,1600,6007
doanduyhai/Achilles,e3099bdce342910951c4862c78751fd81ed4552e,integration-test-2_1,info.archinnov.achilles.it.TestEntityWithComplexIndices#should_query_using_full_collection_index,88,info/archinnov/achilles/embedded/AchillesCassandraConfig#69,1600,6073
doanduyhai/Achilles,e3099bdce342910951c4862c78751fd81ed4552e,integration-test-2_1,info.archinnov.achilles.it.TestEntityWithComplexIndices#should_query_using_index_and_clustering_column,88,info/archinnov/achilles/embedded/AchillesCassandraConfig#69,1600,6091
doanduyhai/Achilles,e3099bdce342910951c4862c78751fd81ed4552e,integration-test-2_1,info.archinnov.achilles.it.TestEntityWithComplexIndices#should_query_using_index_and_clustering_column_slice,88,info/archinnov/achilles/embedded/AchillesCassandraConfig#69,1600,6059
doanduyhai/Achilles,e3099bdce342910951c4862c78751fd81ed4552e,integration-test-2_1,info.archinnov.achilles.it.TestEntityWithComplexIndices#should_query_using_index_and_multi_clustering_columns_slice,88,info/archinnov/achilles/embedded/AchillesCassandraConfig#69,1600,6012
doanduyhai/Achilles,e3099bdce342910951c4862c78751fd81ed4552e,integration-test-2_1,info.archinnov.achilles.it.TestEntityWithComplexIndices#should_query_using_map_key_entry,88,info/archinnov/achilles/embedded/AchillesCassandraConfig#69,1600,6017
doanduyhai/Achilles,e3099bdce342910951c4862c78751fd81ed4552e,integration-test-2_1,info.archinnov.achilles.it.TestEntityWithComplexIndices#should_query_using_map_key_index,88,info/archinnov/achilles/embedded/AchillesCassandraConfig#69,1600,6048
doanduyhai/Achilles,e3099bdce342910951c4862c78751fd81ed4552e,integration-test-2_1,info.archinnov.achilles.it.TestEntityWithComplexIndices#should_query_using_map_key_value,82,info/archinnov/achilles/embedded/AchillesCassandraConfig#69,1600,6026
doanduyhai/Achilles,e3099bdce342910951c4862c78751fd81ed4552e,integration-test-2_1,info.archinnov.achilles.it.TestEntityWithComplexIndices#should_query_using_simple_index,88,info/archinnov/achilles/embedded/AchillesCassandraConfig#69,1600,6096
doanduyhai/Achilles,e3099bdce342910951c4862c78751fd81ed4552e,integration-test-2_1,info.archinnov.achilles.it.bugs.TestEntityWithCaseSensitivePKIT#should_dsl_select_with_token_value,88,info/archinnov/achilles/embedded/AchillesCassandraConfig#69,1600,6027
doanduyhai/Achilles,e3099bdce342910951c4862c78751fd81ed4552e,integration-test-2_2,info.archinnov.achilles.it.TestEntityWithIndicesForJSON#should_query_using_collection_index_fromJSON,82,info/archinnov/achilles/embedded/AchillesCassandraConfig#69,1600,6077
doanduyhai/Achilles,e3099bdce342910951c4862c78751fd81ed4552e,integration-test-2_2,info.archinnov.achilles.it.TestEntityWithIndicesForJSON#should_query_using_full_collection_index_fromJSON,82,info/archinnov/achilles/embedded/AchillesCassandraConfig#69,1600,6098
doanduyhai/Achilles,e3099bdce342910951c4862c78751fd81ed4552e,integration-test-2_2,info.archinnov.achilles.it.TestEntityWithIndicesForJSON#should_query_using_index_and_clustering_column_fromJSON,88,info/archinnov/achilles/embedded/AchillesCassandraConfig#69,1600,6042
doanduyhai/Achilles,e3099bdce342910951c4862c78751fd81ed4552e,integration-test-2_2,info.archinnov.achilles.it.TestEntityWithIndicesForJSON#should_query_using_map_key_entry_fromJSON,88,info/archinnov/achilles/embedded/AchillesCassandraConfig#69,1600,6056
doanduyhai/Achilles,e3099bdce342910951c4862c78751fd81ed4552e,integration-test-2_2,info.archinnov.achilles.it.TestEntityWithIndicesForJSON#should_query_using_map_key_index_fromJSON,88,info/archinnov/achilles/embedded/AchillesCassandraConfig#69,1600,6036
doanduyhai/Achilles,e3099bdce342910951c4862c78751fd81ed4552e,integration-test-2_2,info.archinnov.achilles.it.TestEntityWithIndicesForJSON#should_query_using_map_key_value_fromJSON,88,info/archinnov/achilles/embedded/AchillesCassandraConfig#69,1600,6029
doanduyhai/Achilles,e3099bdce342910951c4862c78751fd81ed4552e,integration-test-2_2,info.archinnov.achilles.it.TestEntityWithIndicesForJSON#should_query_using_simple_index_fromJSON,88,info/archinnov/achilles/embedded/AchillesCassandraConfig#69,1600,6124
doanduyhai/Achilles,e3099bdce342910951c4862c78751fd81ed4552e,integration-test-3_10,info.archinnov.achilles.it.TestEntityForGroupByIT#should_select_sum_group_by_partition_keys,88,info/archinnov/achilles/embedded/AchillesCassandraConfig#69,1600,6051
doanduyhai/Achilles,e3099bdce342910951c4862c78751fd81ed4552e,integration-test-3_10,info.archinnov.achilles.it.TestEntityForGroupByIT#should_select_sum_group_by_partition_keys_and_one_clustering,88,info/archinnov/achilles/embedded/AchillesCassandraConfig#69,1600,6055
doanduyhai/Achilles,e3099bdce342910951c4862c78751fd81ed4552e,integration-test-3_7,info.archinnov.achilles.it.TestEntityWithSASIIndices#should_search_using_contains,88,info/archinnov/achilles/embedded/AchillesCassandraConfig#69,1600,6029
doanduyhai/Achilles,e3099bdce342910951c4862c78751fd81ed4552e,integration-test-3_7,info.archinnov.achilles.it.TestEntityWithSASIIndices#should_search_using_end_with,88,info/archinnov/achilles/embedded/AchillesCassandraConfig#69,1600,6020
doanduyhai/Achilles,e3099bdce342910951c4862c78751fd81ed4552e,integration-test-3_7,info.archinnov.achilles.it.TestEntityWithSASIIndices#should_search_using_eq_non_tokenizer,88,info/archinnov/achilles/embedded/AchillesCassandraConfig#69,1600,6012
doanduyhai/Achilles,e3099bdce342910951c4862c78751fd81ed4552e,integration-test-3_7,info.archinnov.achilles.it.TestEntityWithSASIIndices#should_search_using_like,88,info/archinnov/achilles/embedded/AchillesCassandraConfig#69,1600,6083
doanduyhai/Achilles,e3099bdce342910951c4862c78751fd81ed4552e,integration-test-3_7,info.archinnov.achilles.it.TestEntityWithSASIIndices#should_search_using_like_non_tokenizer,88,info/archinnov/achilles/embedded/AchillesCassandraConfig#69,1600,6214
doanduyhai/Achilles,e3099bdce342910951c4862c78751fd81ed4552e,integration-test-3_7,info.archinnov.achilles.it.TestEntityWithSASIIndices#should_search_using_prefix_non_tokenizer,88,info/archinnov/achilles/embedded/AchillesCassandraConfig#69,1600,6051
doanduyhai/Achilles,f52f7ec93b3da758119dbbbc1be8dad8e8783764,integration-test,info.archinnov.achilles.test.integration.tests.ClusteredEntityIT#should_persist_with_ttl,3,info/archinnov/achilles/embedded/ServerStarter$1#148,25600,4804
doanduyhai/Achilles,f52f7ec93b3da758119dbbbc1be8dad8e8783764,integration-test,info.archinnov.achilles.test.integration.tests.ClusteredEntityIT#should_update_with_ttl,3,info/archinnov/achilles/embedded/ServerStarter$1#149,25600,4800
elasticjob/elastic-job-lite,9afe466837e9e0751a8cd3898bca80d60548f0d1,elasticjob-infra/elasticjob-infra-common,org.apache.shardingsphere.elasticjob.infra.concurrent.ElasticJobExecutorServiceTest#assertCreateExecutorService,6,org/apache/shardingsphere/elasticjob/infra/concurrent/ElasticJobExecutorService#78,800,6
feroult/yawp,b3bcf9c958d51b3b3f8fdd0ccc26923d5a531da1,yawp-testing/yawp-testing-appengine,io.yawp.testing.appengine.pipes.flow.FlowDropsTest#testFlowDropsToSameSink,450,io/yawp/commons/utils/ReflectionUtils#16,100,516
flaxsearch/luwak,c27ec08c803db6ca6be1b6e8017f45667e603161,luwak,uk.co.flax.luwak.matchers.TestParallelMatcher#testParallelSlowLog,78,uk/co/flax/luwak/QueryIndex$MonitorQueryCollector#250,100,54
flaxsearch/luwak,c27ec08c803db6ca6be1b6e8017f45667e603161,luwak,uk.co.flax.luwak.matchers.TestPartitionMatcher#testParallelSlowLog,43,uk/co/flax/luwak/matchers/PartitionMatcher$MatcherWorker#131,100,34
javadelight/delight-nashorn-sandbox,da35edc0a75424bad8cbf60959fae253202154c4,.,delight.nashornsandbox.TestGetFunction#test,27,delight/nashornsandbox/internal/ThreadMonitor#180,100,17
kagkarlsson/db-scheduler,0e9f2a8,db-scheduler,com.github.kagkarlsson.scheduler.RunUntilShutdownTest#should_wait_on_ok_execution,20,com/github/kagkarlsson/scheduler/RunUntilShutdown#40,400,7
kagkarlsson/db-scheduler,0e9f2a8,db-scheduler,com.github.kagkarlsson.scheduler.RunUntilShutdownTest#should_wait_on_runtime_exception,20,com/github/kagkarlsson/scheduler/RunUntilShutdown#40,400,104
kagkarlsson/db-scheduler,0e9f2a8,db-scheduler,com.github.kagkarlsson.scheduler.WaiterTest#should_not_wait_if_instructed_to_skip_next,10,com/github/kagkarlsson/scheduler/Waiter#46,100,7
kagkarlsson/db-scheduler,0e9f2a8,db-scheduler,com.github.kagkarlsson.scheduler.WaiterTest#should_wait_until_woken,10,com/github/kagkarlsson/scheduler/Waiter#67,100,11
kagkarlsson/db-scheduler,4a8a28e60640dcd03e8d3bf212f483d35b0b6310,.,com.github.kagkarlsson.scheduler.WaiterTest#should_wait_until_woken,8,com/github/kagkarlsson/scheduler/Waiter#55,100,5
kagkarlsson/db-scheduler,4a8a28e60640dcd03e8d3bf212f483d35b0b6310,.,com.github.kagkarlsson.scheduler.compatibility.HsqlCompatibilityTest#test_compatibility,209,com/github/kagkarlsson/scheduler/JdbcTaskRepository#209,200,863
nlighten/tomcat_exporter,bc6a2d2,client,nl.nlighten.prometheus.tomcat.TomcatGenericExportsTest#testRequestProcessorMetrics,14,nl/nlighten/prometheus/tomcat/TomcatServletMetricsFilter#119,100,1111
qos-ch/logback,0f57531977287fd3d8c9046e9f68e281715f3b10,logback-classic,ch.qos.logback.classic.net.SMTPAppender_GreenTest#testCustomBufferSize,1139,ch/qos/logback/core/util/StatusPrinter#174,3200,463
qos-ch/logback,0f57531977287fd3d8c9046e9f68e281715f3b10,logback-classic,ch.qos.logback.classic.net.SMTPAppender_GreenTest#testCustomEvaluator,1135,ch/qos/logback/core/net/SMTPAppenderBase#394,1600,459
qos-ch/logback,0f57531977287fd3d8c9046e9f68e281715f3b10,logback-classic,ch.qos.logback.classic.turbo.ReconfigureOnChangeTest#scan_LOGBACK_474,389,ch/qos/logback/classic/Logger#259,200,220
qos-ch/logback,0f57531977287fd3d8c9046e9f68e281715f3b10,logback-core,ch.qos.logback.core.AsyncAppenderBaseTest#workerShouldStopEvenIfInterruptExceptionConsumedWithinSubappender,83,ch/qos/logback/core/util/StatusPrinter#174,200,36
qos-ch/logback,0f57531977287fd3d8c9046e9f68e281715f3b10,logback-core,ch.qos.logback.core.FileAppenderResilienceTest#smoke,73,ch/qos/logback/core/encoder/EchoEncoder#30,100,37
square/okhttp,129c937fb33328e1f4ee8815a94e89676f242c2c,okhttp-tests,com.squareup.okhttp.internal.spdy.SpdyConnectionTest#receiveGoAway,280,okio/DeflaterSink#88,100,129
undertow-io/undertow,ac7204ab8cabb197a1327e5bbdb6e0e2ed1917f1,core,io.undertow.server.handlers.proxy.LoadBalancingProxyTestCase#testLoadSharedWithServerShutdown,356,io/undertow/server/protocol/http/HttpRequestParser$$generated#0,100,898
undertow-io/undertow,ac7204ab8cabb197a1327e5bbdb6e0e2ed1917f1,core,io.undertow.server.security.DigestAuthentication2069TestCase#testDigestSuccess,511,io/undertow/server/protocol/http/HttpRequestParser#587,200,787
undertow-io/undertow,ac7204ab8cabb197a1327e5bbdb6e0e2ed1917f1,core,io.undertow.server.security.DigestAuthentication2069TestCase#testNonceReUse,511,io/undertow/server/protocol/http/HttpRequestParser#587,200,785
undertow-io/undertow,ac7204ab8cabb197a1327e5bbdb6e0e2ed1917f1,core,io.undertow.server.security.DigestAuthenticationAuthTestCase#testDigestSuccess,544,io/undertow/server/protocol/http/HttpRequestParser#587,100,801
undertow-io/undertow,d0efffad5d2034bb07525cac9b299dac72c3045d,websockets-jsr,io.undertow.websockets.jsr.test.JsrWebSocketServer07Test#testErrorHandling,2151,io/undertow/server/protocol/http/HttpResponseConduit#233,1600,1372
undertow-io/undertow,d0efffad5d2034bb07525cac9b299dac72c3045d,websockets-jsr,io.undertow.websockets.jsr.test.JsrWebSocketServer08Test#testErrorHandling,2151,io/undertow/server/protocol/http/HttpResponseConduit#233,1600,1372
undertow-io/undertow,d0efffad5d2034bb07525cac9b299dac72c3045d,websockets-jsr,io.undertow.websockets.jsr.test.JsrWebSocketServer13Test#testErrorHandling,2151,io/undertow/server/protocol/http/HttpResponseConduit#233,1600,1372
undertow-io/undertow,d0efffad5d2034bb07525cac9b299dac72c3045d,websockets-jsr,io.undertow.websockets.jsr.test.reconnect.ClientEndpointReconnectTestCase#testAnnotatedClientEndpoint,2228,io/undertow/server/protocol/http/HttpResponseConduit#219,3200,1390
vmware/admiral,e4b02936cc7d4ff2714e7231db0c4373ba5d48a2,adapter/registry,com.vmware.admiral.adapter.registry.service.RegistryAdapterServiceProxyTest#testInitWithProxyWithList,441,com/vmware/admiral/service/common/ConfigurationService#186,12800,1524
vmware/admiral,e4b02936cc7d4ff2714e7231db0c4373ba5d48a2,adapter/registry,com.vmware.admiral.adapter.registry.service.RegistryAdapterServiceTest#testDockerHubListImageTags,831,com/vmware/photon/controller/model/security/util/CertificateUtil#703,800,2013
vmware/admiral,e4b02936cc7d4ff2714e7231db0c4373ba5d48a2,adapter/registry,com.vmware.admiral.adapter.registry.service.RegistryAdapterServiceTest#testSameRegistryAsGlobalAndProject,778,com/vmware/photon/controller/model/security/util/CertificateUtil#703,800,1874
vmware/admiral,e4b02936cc7d4ff2714e7231db0c4373ba5d48a2,adapter/registry,com.vmware.admiral.adapter.registry.service.RegistryAdapterServiceTest#testSameRegistryTwoDifferentProjectsNotRemoveOldTenantLinkShouldFail,755,com/vmware/photon/controller/model/security/util/CertificateUtil#703,800,1894
vmware/admiral,e4b02936cc7d4ff2714e7231db0c4373ba5d48a2,adapter/registry,com.vmware.admiral.adapter.registry.service.RegistryAdapterServiceTest#testV1Ping,826,com/vmware/admiral/common/util/AssertUtil#35,12800,2016
vmware/admiral,e4b02936cc7d4ff2714e7231db0c4373ba5d48a2,compute,com.vmware.admiral.compute.cluster.ClusterServiceTest#testPatchSingleHostClusterWithPublicAddress,3095,com/vmware/admiral/common/util/QueryUtil#68,12800,2475
wro4j/wro4j,7e3801e19fb43183c59607663ebd53c27a95cf77,wro4j-core,ro.isdc.wro.util.concurrent.TestTaskExecutor#shouldBeFasterWhenRunningMultipleSlowTasks,16,ro/isdc/wro/util/concurrent/TaskExecutor#39,400,9
fluent/fluent-logger-java,2e5fdf2dbed59cc5af88442ceae6cbe72f321060,.,org.fluentd.logger.TestFluentLogger#testInMultiThreading,45,org/fluentd/logger/sender/ExponentialDelayReconnector#53,100,244
