source,outcome,before
corpus-20.csv,pass,SentenceParserTest|VDRTest|RMCTest|GBSTest|HeadingProviderTest|SentenceFactoryTest|WPLTest|GLLTest|AISMessageParserTest|HDTTest|MWDTest|PositionParserTest|GSATest|DPTTest|ZDATest|GSTTest|TimeTest|MWVTest|ChecksumTest|PositionProviderTest|SentenceIdTest|MTATest|TTMTest
corpus-20.csv,pass,DateTest|SentenceParserTest|AISMessage04Test|HDGTest|PositionProviderTest|WPLTest|SentenceReaderTest|XTETest|PositionTest|RMCTest|VLWTest|HTDTest|VHWTest|HDMTest|DBTTest|VBWTest|MHUTest|RSATest|AISMessage09ParserTest|AISMessageFactoryTest|VTGTest|TalkerIdTest|MTATest|PositionParserTest|AISPositionReportParserTest|TTMTest|APBTest|GSVTest|MMBTest|GSATest|SentenceIdTest|AISMessage24ParserTest|MWDTest|DPTTest|VDRTest|MDATest|MTWTest|HeadingProviderTest|AbstractSentenceListenerTest|XDRTest|SentenceValidatorTest|STALKTest|HDTTest|Longitude28Test|AISMessageParserTest|GNSTest|RMBTest|Latitude27Test|GLLTest|SentenceFactoryTest|ROTTest|RPMTest|VDOTest|RTETest|ChecksumTest|AISPositionReportBParserTest|MWVTest|DTMTest|VDMTest|GSTTest|WaypointTest
corpus-20.csv,pass,BODTest|VLWTest|AISMessageParserTest|SentenceFactoryTest|MWDTest|DTMTest|SentenceReaderTest|TalkerIdTest|XTETest|AbstractSentenceListenerTest|TTMTest|STALKTest|AISPositionReportBParserTest|HDTTest|GSATest|VTGTest|GSTTest|WaypointTest|VBWTest|VDRTest|DateTest|MHUTest|VDOTest|ZDATest|AISMessage09ParserTest|SpeedOverGroundTest|RSATest|HeadingProviderTest|TimeTest|HDMTest|Latitude27Test|AISMessage05Test|PositionTest|MDATest|WPLTest|AISPositionReportParserTest|XDRTest
corpus-20.csv,pass,STALKTest|ROTTest|RTETest|RMCTest|TimeTest|GSATest|RMBTest|GSVTest|VHWTest|TXTTest|TalkerIdTest|SentenceIdTest|VDRTest|AISMessage04Test|GGATest|HDGTest|SentenceFactoryTest
corpus-20.csv,pass,HDGTest|GLLTest|STALKTest|BODTest|HeadingProviderTest|PositionTest
corpus-20.csv,pass,PositionProviderTest|AISMessage04Test|AISMessage24ParserTest|MWDTest|DTMTest|RMBTest|Latitude27Test|VHWTest|GSVTest|MMBTest|VDOTest|DateTest
corpus-20.csv,pass,MDATest|RSATest|AISMessageParserTest|RTETest|AISMessageFactoryTest|SentenceReaderTest|PositionTest|HDGTest|PositionParserTest|GSVTest|TimeTest|GLLTest|BODTest|MWVTest|TXTTest|HDMTest|GSATest|AISPositionReportBParserTest|GSTTest|RMCTest|MMBTest|VLWTest|AISMessage09ParserTest|MTWTest|XDRTest|APBTest|MWDTest|ROTTest|Longitude28Test|VBWTest|ZDATest|SentenceParserTest|HDTTest|SentenceValidatorTest|SentenceIdTest|DTMTest|AISPositionReportParserTest|VTGTest|STALKTest|MHUTest|ChecksumTest|PositionProviderTest|DPTTest|VDOTest|TTMTest|AISMessage05Test|AISMessage04Test|RPMTest|GBSTest|WaypointTest|VHWTest|MTATest|AISMessage24ParserTest
corpus-20.csv,pass,GLLTest|TalkerIdTest|AISPositionReportParserTest|DateTest|DBTTest|PositionParserTest|PositionTest|GSTTest|GGATest
corpus-20.csv,pass,VLWTest|RSATest
corpus-20.csv,pass,GSVTest|VBWTest|AISMessageFactoryTest|XTETest|GNSTest|MDATest|VDMTest|RPMTest|PositionProviderTest|VDOTest|AbstractSentenceListenerTest|DateTest|SentenceParserTest|TalkerIdTest|VHWTest|PositionParserTest|DTMTest|HDGTest|TimeTest|WPLTest|RMCTest|HeadingProviderTest|VDRTest|DBTTest|MHUTest|MTATest|HDMTest|HTDTest|GBSTest|AISMessageParserTest|SentenceValidatorTest|SpeedOverGroundTest|APBTest|MWVTest|RTETest|DPTTest|Longitude28Test|ROTTest|SentenceIdTest|GGATest|ZDATest|AISPositionReportBParserTest|Latitude27Test|SentenceFactoryTest|SentenceReaderTest|GSATest|MMBTest|RSATest|VLWTest|AISPositionReportParserTest|AISMessage24ParserTest|STALKTest|AISMessage05Test|MWDTest|MTWTest|BODTest|AISMessage09ParserTest|AISMessage21ParserTest|AISMessage04Test|XDRTest|TTMTest
corpus-20.csv,pass,VHWTest|AISMessage05Test|GSATest|APBTest|TXTTest|ZDATest|GNSTest|MWVTest|SentenceFactoryTest|AISMessageParserTest|RTETest|HeadingProviderTest|AbstractSentenceListenerTest|DateTest|GSTTest|DBTTest|HDMTest|SentenceReaderTest|TTMTest|BODTest|SpeedOverGroundTest|HDTTest|STALKTest|Latitude27Test|RMBTest|DTMTest|TimeTest|XDRTest|ChecksumTest|XTETest|PositionProviderTest|SentenceIdTest|AISPositionReportBParserTest|AISPositionReportParserTest|AISMessage21ParserTest|MDATest|RPMTest|GSVTest|VTGTest|ROTTest|MWDTest|SentenceParserTest|RSATest|MMBTest|VDOTest
corpus-20.csv,pass,TalkerIdTest|AISMessageFactoryTest|RSATest|AISMessage09ParserTest|AISPositionReportBParserTest|AISMessage04Test|SentenceIdTest|SpeedOverGroundTest|DPTTest|GBSTest|MMBTest|SentenceFactoryTest|VDMTest|GLLTest|WaypointTest|WPLTest|VTGTest|APBTest|MWDTest|AISMessage21ParserTest|TimeTest|XTETest|AISPositionReportParserTest|MTATest|VBWTest|HDTTest|MTWTest|HDGTest|Longitude28Test|GSVTest|HTDTest|GSATest|SentenceReaderTest|RTETest|AISMessage24ParserTest|HeadingProviderTest|AISMessageParserTest|DBTTest|DateTest|MWVTest|SentenceParserTest|ZDATest|VHWTest|TXTTest|VDRTest|GNSTest|AISMessage05Test|AbstractSentenceListenerTest|Latitude27Test|XDRTest|GGATest|SentenceValidatorTest|TTMTest|RMCTest|VLWTest|DTMTest|STALKTest|HDMTest|GSTTest|PositionTest|BODTest|PositionProviderTest|VDOTest|PositionParserTest
corpus-20.csv,pass,RPMTest|VTGTest|AISMessage09ParserTest|SentenceReaderTest|DTMTest|XDRTest|MMBTest|TTMTest|GNSTest|AISMessage05Test|HTDTest|SpeedOverGroundTest|HeadingProviderTest|Longitude28Test|VDMTest|AISMessage04Test|ChecksumTest|ZDATest|MWVTest|GSTTest|GBSTest|MHUTest|WaypointTest|MWDTest|GSVTest
corpus-20.csv,pass,SentenceIdTest|PositionProviderTest|APBTest|GLLTest|SentenceValidatorTest|AISPositionReportParserTest|WPLTest|Longitude28Test|MWDTest|VLWTest|MTWTest|AISMessageParserTest|BODTest|AISPositionReportBParserTest|XDRTest|HDTTest|AbstractSentenceListenerTest|Latitude27Test|VTGTest|GSTTest|AISMessage05Test|RSATest|VDRTest|DateTest|TimeTest|RMBTest|AISMessage21ParserTest|MDATest|GSVTest|RPMTest|AISMessage09ParserTest|VHWTest|MWVTest|AISMessageFactoryTest|SpeedOverGroundTest|ZDATest|MTATest|AISMessage04Test|GSATest|DPTTest|RTETest|XTETest|SentenceReaderTest|SentenceFactoryTest|PositionTest|GGATest|HDMTest|HDGTest|TTMTest|ROTTest|TXTTest|VDOTest|MHUTest|VDMTest|GNSTest
corpus-20.csv,pass,DateTest|VDMTest|AISMessage24ParserTest|HTDTest|VBWTest|RMCTest|MMBTest|XDRTest|RTETest|MHUTest|GGATest|TimeTest|AISPositionReportParserTest|MTATest|GSATest|AbstractSentenceListenerTest|ROTTest|DTMTest|ChecksumTest|AISPositionReportBParserTest|GSVTest|RSATest|VHWTest|HeadingProviderTest|VTGTest|PositionParserTest|AISMessageFactoryTest|SentenceValidatorTest|GLLTest|GNSTest|WaypointTest|HDGTest|TTMTest|Longitude28Test|GSTTest|ZDATest|GBSTest|AISMessage05Test|PositionTest|SentenceFactoryTest|PositionProviderTest|BODTest
corpus-20.csv,pass,Latitude27Test|AISMessage24ParserTest|PositionParserTest|PositionProviderTest|TalkerIdTest|HeadingProviderTest|RMCTest|ZDATest|AISMessage09ParserTest|SentenceParserTest|TXTTest|AISPositionReportParserTest|AbstractSentenceListenerTest|WPLTest|TTMTest|GSVTest|MWVTest|GLLTest|VBWTest|TimeTest|GGATest|SentenceIdTest|SpeedOverGroundTest|HDMTest|XDRTest|VDOTest|WaypointTest|MMBTest|APBTest|AISMessage04Test|AISMessageParserTest|ChecksumTest|MDATest|VHWTest|PositionTest|SentenceValidatorTest|VDRTest|GSATest|DateTest|VLWTest|MTATest|DPTTest|RMBTest
corpus-20.csv,pass,AISMessage21ParserTest
corpus-20.csv,pass,TalkerIdTest|ChecksumTest|APBTest|PositionParserTest|RTETest|TimeTest|PositionTest|RPMTest|WaypointTest|TXTTest|STALKTest|VBWTest|TTMTest|SentenceIdTest|MWVTest|Longitude28Test|SentenceFactoryTest|RSATest|MTWTest|HDTTest|MHUTest|MWDTest|VHWTest|ZDATest|GSTTest|SentenceParserTest|RMBTest|AISMessage04Test|AISMessage05Test|AISPositionReportParserTest|RMCTest|SentenceValidatorTest|AISPositionReportBParserTest|AISMessage21ParserTest|VTGTest|VDRTest|SpeedOverGroundTest|VDOTest|ROTTest|MTATest|AISMessage09ParserTest|PositionProviderTest|MMBTest|VDMTest|GSATest|HDGTest|Latitude27Test|HeadingProviderTest|XTETest|DTMTest|SentenceReaderTest|AbstractSentenceListenerTest|AISMessage24ParserTest|AISMessageParserTest|DateTest|MDATest|DPTTest
corpus-20.csv,pass,MHUTest|AISMessage04Test|DateTest|SentenceParserTest|GBSTest|STALKTest|Longitude28Test|TXTTest|AISMessage05Test|RTETest|TTMTest|AbstractSentenceListenerTest|AISMessageParserTest|GSATest|WPLTest|SentenceValidatorTest|VHWTest|ZDATest|Latitude27Test|TimeTest|GSVTest|MDATest|DBTTest|ChecksumTest|RPMTest|HTDTest|WaypointTest|MWDTest|RMCTest|HeadingProviderTest|GSTTest|MTWTest|VDMTest|XTETest|SentenceReaderTest|APBTest|DTMTest|SentenceFactoryTest|MWVTest|AISMessage21ParserTest|RMBTest|PositionProviderTest|DPTTest|XDRTest|MMBTest|AISMessage09ParserTest|RSATest|AISPositionReportBParserTest|PositionTest|VLWTest
corpus-20.csv,pass,ZDATest|HeadingProviderTest|VBWTest|MHUTest|AISMessage04Test|VTGTest|WPLTest|ChecksumTest|ROTTest|RSATest|PositionTest|STALKTest|VDRTest|RMBTest|MDATest|AISMessageParserTest|HDMTest|AISPositionReportParserTest|RTETest|SentenceValidatorTest|TXTTest|MTWTest|AISMessageFactoryTest|MWVTest|XDRTest|SentenceFactoryTest|MTATest|MWDTest|GBSTest|GGATest|DBTTest|AISMessage21ParserTest|VDOTest|GLLTest|APBTest|WaypointTest|HDTTest
corpus-70.csv,pass,SentenceParserTest|VDRTest|RMCTest|GBSTest|HeadingProviderTest|SentenceFactoryTest|WPLTest|GLLTest|AISMessageParserTest|HDTTest|MWDTest|PositionParserTest|GSATest|DPTTest|ZDATest|GSTTest|TimeTest|MWVTest|ChecksumTest|PositionProviderTest|SentenceIdTest|MTATest|TTMTest
corpus-70.csv,pass,DateTest|SentenceParserTest|AISMessage04Test|HDGTest|PositionProviderTest|WPLTest|SentenceReaderTest|XTETest|PositionTest|RMCTest|VLWTest|HTDTest|VHWTest|HDMTest|DBTTest|VBWTest|MHUTest|RSATest|AISMessage09ParserTest|AISMessageFactoryTest|VTGTest|TalkerIdTest|MTATest|PositionParserTest|AISPositionReportParserTest|TTMTest|APBTest|GSVTest|MMBTest|GSATest|SentenceIdTest|AISMessage24ParserTest|MWDTest|DPTTest|VDRTest|MDATest|MTWTest|HeadingProviderTest|AbstractSentenceListenerTest|XDRTest|SentenceValidatorTest|STALKTest|HDTTest|Longitude28Test|AISMessageParserTest|GNSTest|RMBTest|Latitude27Test|GLLTest|SentenceFactoryTest|ROTTest|RPMTest|VDOTest|RTETest|ChecksumTest|AISPositionReportBParserTest|MWVTest|DTMTest|VDMTest|GSTTest|WaypointTest
corpus-70.csv,pass,BODTest|VLWTest|AISMessageParserTest|SentenceFactoryTest|MWDTest|DTMTest|SentenceReaderTest|TalkerIdTest|XTETest|AbstractSentenceListenerTest|TTMTest|STALKTest|AISPositionReportBParserTest|HDTTest|GSATest|VTGTest|GSTTest|WaypointTest|VBWTest|VDRTest|DateTest|MHUTest|VDOTest|ZDATest|AISMessage09ParserTest|SpeedOverGroundTest|RSATest|HeadingProviderTest|TimeTest|HDMTest|Latitude27Test|AISMessage05Test|PositionTest|MDATest|WPLTest|AISPositionReportParserTest|XDRTest
corpus-70.csv,pass,STALKTest|ROTTest|RTETest|RMCTest|TimeTest|GSATest|RMBTest|GSVTest|VHWTest|TXTTest|TalkerIdTest|SentenceIdTest|VDRTest|AISMessage04Test|GGATest|HDGTest|SentenceFactoryTest
corpus-70.csv,pass,HDGTest|GLLTest|STALKTest|BODTest|HeadingProviderTest|PositionTest
corpus-70.csv,pass,PositionProviderTest|AISMessage04Test|AISMessage24ParserTest|MWDTest|DTMTest|RMBTest|Latitude27Test|VHWTest|GSVTest|MMBTest|VDOTest|DateTest
corpus-70.csv,pass,MDATest|RSATest|AISMessageParserTest|RTETest|AISMessageFactoryTest|SentenceReaderTest|PositionTest|HDGTest|PositionParserTest|GSVTest|TimeTest|GLLTest|BODTest|MWVTest|TXTTest|HDMTest|GSATest|AISPositionReportBParserTest|GSTTest|RMCTest|MMBTest|VLWTest|AISMessage09ParserTest|MTWTest|XDRTest|APBTest|MWDTest|ROTTest|Longitude28Test|VBWTest|ZDATest|SentenceParserTest|HDTTest|SentenceValidatorTest|SentenceIdTest|DTMTest|AISPositionReportParserTest|VTGTest|STALKTest|MHUTest|ChecksumTest|PositionProviderTest|DPTTest|VDOTest|TTMTest|AISMessage05Test|AISMessage04Test|RPMTest|GBSTest|WaypointTest|VHWTest|MTATest|AISMessage24ParserTest
corpus-70.csv,pass,GLLTest|TalkerIdTest|AISPositionReportParserTest|DateTest|DBTTest|PositionParserTest|PositionTest|GSTTest|GGATest
corpus-70.csv,pass,VLWTest|RSATest
corpus-70.csv,pass,GSVTest|VBWTest|AISMessageFactoryTest|XTETest|GNSTest|MDATest|VDMTest|RPMTest|PositionProviderTest|VDOTest|AbstractSentenceListenerTest|DateTest|SentenceParserTest|TalkerIdTest|VHWTest|PositionParserTest|DTMTest|HDGTest|TimeTest|WPLTest|RMCTest|HeadingProviderTest|VDRTest|DBTTest|MHUTest|MTATest|HDMTest|HTDTest|GBSTest|AISMessageParserTest|SentenceValidatorTest|SpeedOverGroundTest|APBTest|MWVTest|RTETest|DPTTest|Longitude28Test|ROTTest|SentenceIdTest|GGATest|ZDATest|AISPositionReportBParserTest|Latitude27Test|SentenceFactoryTest|SentenceReaderTest|GSATest|MMBTest|RSATest|VLWTest|AISPositionReportParserTest|AISMessage24ParserTest|STALKTest|AISMessage05Test|MWDTest|MTWTest|BODTest|AISMessage09ParserTest|AISMessage21ParserTest|AISMessage04Test|XDRTest|TTMTest
corpus-70.csv,pass,VHWTest|AISMessage05Test|GSATest|APBTest|TXTTest|ZDATest|GNSTest|MWVTest|SentenceFactoryTest|AISMessageParserTest|RTETest|HeadingProviderTest|AbstractSentenceListenerTest|DateTest|GSTTest|DBTTest|HDMTest|SentenceReaderTest|TTMTest|BODTest|SpeedOverGroundTest|HDTTest|STALKTest|Latitude27Test|RMBTest|DTMTest|TimeTest|XDRTest|ChecksumTest|XTETest|PositionProviderTest|SentenceIdTest|AISPositionReportBParserTest|AISPositionReportParserTest|AISMessage21ParserTest|MDATest|RPMTest|GSVTest|VTGTest|ROTTest|MWDTest|SentenceParserTest|RSATest|MMBTest|VDOTest
corpus-70.csv,pass,TalkerIdTest|AISMessageFactoryTest|RSATest|AISMessage09ParserTest|AISPositionReportBParserTest|AISMessage04Test|SentenceIdTest|SpeedOverGroundTest|DPTTest|GBSTest|MMBTest|SentenceFactoryTest|VDMTest|GLLTest|WaypointTest|WPLTest|VTGTest|APBTest|MWDTest|AISMessage21ParserTest|TimeTest|XTETest|AISPositionReportParserTest|MTATest|VBWTest|HDTTest|MTWTest|HDGTest|Longitude28Test|GSVTest|HTDTest|GSATest|SentenceReaderTest|RTETest|AISMessage24ParserTest|HeadingProviderTest|AISMessageParserTest|DBTTest|DateTest|MWVTest|SentenceParserTest|ZDATest|VHWTest|TXTTest|VDRTest|GNSTest|AISMessage05Test|AbstractSentenceListenerTest|Latitude27Test|XDRTest|GGATest|SentenceValidatorTest|TTMTest|RMCTest|VLWTest|DTMTest|STALKTest|HDMTest|GSTTest|PositionTest|BODTest|PositionProviderTest|VDOTest|PositionParserTest
corpus-70.csv,pass,RPMTest|VTGTest|AISMessage09ParserTest|SentenceReaderTest|DTMTest|XDRTest|MMBTest|TTMTest|GNSTest|AISMessage05Test|HTDTest|SpeedOverGroundTest|HeadingProviderTest|Longitude28Test|VDMTest|AISMessage04Test|ChecksumTest|ZDATest|MWVTest|GSTTest|GBSTest|MHUTest|WaypointTest|MWDTest|GSVTest
corpus-70.csv,pass,SentenceIdTest|PositionProviderTest|APBTest|GLLTest|SentenceValidatorTest|AISPositionReportParserTest|WPLTest|Longitude28Test|MWDTest|VLWTest|MTWTest|AISMessageParserTest|BODTest|AISPositionReportBParserTest|XDRTest|HDTTest|AbstractSentenceListenerTest|Latitude27Test|VTGTest|GSTTest|AISMessage05Test|RSATest|VDRTest|DateTest|TimeTest|RMBTest|AISMessage21ParserTest|MDATest|GSVTest|RPMTest|AISMessage09ParserTest|VHWTest|MWVTest|AISMessageFactoryTest|SpeedOverGroundTest|ZDATest|MTATest|AISMessage04Test|GSATest|DPTTest|RTETest|XTETest|SentenceReaderTest|SentenceFactoryTest|PositionTest|GGATest|HDMTest|HDGTest|TTMTest|ROTTest|TXTTest|VDOTest|MHUTest|VDMTest|GNSTest
corpus-70.csv,pass,DateTest|VDMTest|AISMessage24ParserTest|HTDTest|VBWTest|RMCTest|MMBTest|XDRTest|RTETest|MHUTest|GGATest|TimeTest|AISPositionReportParserTest|MTATest|GSATest|AbstractSentenceListenerTest|ROTTest|DTMTest|ChecksumTest|AISPositionReportBParserTest|GSVTest|RSATest|VHWTest|HeadingProviderTest|VTGTest|PositionParserTest|AISMessageFactoryTest|SentenceValidatorTest|GLLTest|GNSTest|WaypointTest|HDGTest|TTMTest|Longitude28Test|GSTTest|ZDATest|GBSTest|AISMessage05Test|PositionTest|SentenceFactoryTest|PositionProviderTest|BODTest
corpus-70.csv,pass,Latitude27Test|AISMessage24ParserTest|PositionParserTest|PositionProviderTest|TalkerIdTest|HeadingProviderTest|RMCTest|ZDATest|AISMessage09ParserTest|SentenceParserTest|TXTTest|AISPositionReportParserTest|AbstractSentenceListenerTest|WPLTest|TTMTest|GSVTest|MWVTest|GLLTest|VBWTest|TimeTest|GGATest|SentenceIdTest|SpeedOverGroundTest|HDMTest|XDRTest|VDOTest|WaypointTest|MMBTest|APBTest|AISMessage04Test|AISMessageParserTest|ChecksumTest|MDATest|VHWTest|PositionTest|SentenceValidatorTest|VDRTest|GSATest|DateTest|VLWTest|MTATest|DPTTest|RMBTest
corpus-70.csv,pass,AISMessage21ParserTest
corpus-70.csv,pass,TalkerIdTest|ChecksumTest|APBTest|PositionParserTest|RTETest|TimeTest|PositionTest|RPMTest|WaypointTest|TXTTest|STALKTest|VBWTest|TTMTest|SentenceIdTest|MWVTest|Longitude28Test|SentenceFactoryTest|RSATest|MTWTest|HDTTest|MHUTest|MWDTest|VHWTest|ZDATest|GSTTest|SentenceParserTest|RMBTest|AISMessage04Test|AISMessage05Test|AISPositionReportParserTest|RMCTest|SentenceValidatorTest|AISPositionReportBParserTest|AISMessage21ParserTest|VTGTest|VDRTest|SpeedOverGroundTest|VDOTest|ROTTest|MTATest|AISMessage09ParserTest|PositionProviderTest|MMBTest|VDMTest|GSATest|HDGTest|Latitude27Test|HeadingProviderTest|XTETest|DTMTest|SentenceReaderTest|AbstractSentenceListenerTest|AISMessage24ParserTest|AISMessageParserTest|DateTest|MDATest|DPTTest
corpus-70.csv,pass,MHUTest|AISMessage04Test|DateTest|SentenceParserTest|GBSTest|STALKTest|Longitude28Test|TXTTest|AISMessage05Test|RTETest|TTMTest|AbstractSentenceListenerTest|AISMessageParserTest|GSATest|WPLTest|SentenceValidatorTest|VHWTest|ZDATest|Latitude27Test|TimeTest|GSVTest|MDATest|DBTTest|ChecksumTest|RPMTest|HTDTest|WaypointTest|MWDTest|RMCTest|HeadingProviderTest|GSTTest|MTWTest|VDMTest|XTETest|SentenceReaderTest|APBTest|DTMTest|SentenceFactoryTest|MWVTest|AISMessage21ParserTest|RMBTest|PositionProviderTest|DPTTest|XDRTest|MMBTest|AISMessage09ParserTest|RSATest|AISPositionReportBParserTest|PositionTest|VLWTest
corpus-70.csv,pass,ZDATest|HeadingProviderTest|VBWTest|MHUTest|AISMessage04Test|VTGTest|WPLTest|ChecksumTest|ROTTest|RSATest|PositionTest|STALKTest|VDRTest|RMBTest|MDATest|AISMessageParserTest|HDMTest|AISPositionReportParserTest|RTETest|SentenceValidatorTest|TXTTest|MTWTest|AISMessageFactoryTest|MWVTest|XDRTest|SentenceFactoryTest|MTATest|MWDTest|GBSTest|GGATest|DBTTest|AISMessage21ParserTest|VDOTest|GLLTest|APBTest|WaypointTest|HDTTest
corpus-70.csv,pass,GSVTest|AISMessageFactoryTest|RSATest|VDOTest|AISMessage09ParserTest|DBTTest|SentenceReaderTest|GSATest|SentenceIdTest|AISPositionReportBParserTest|DTMTest|SentenceFactoryTest|SpeedOverGroundTest|AbstractSentenceListenerTest|PositionProviderTest|HTDTest|VHWTest|RPMTest|STALKTest|TalkerIdTest|RMBTest|APBTest|BODTest|TimeTest|GLLTest
corpus-70.csv,pass,TTMTest|ChecksumTest|AISMessageParserTest|RMBTest|APBTest|GNSTest|DBTTest|HDGTest|MTATest|AbstractSentenceListenerTest|SentenceFactoryTest|XDRTest|GSATest|SpeedOverGroundTest|SentenceReaderTest|AISMessage09ParserTest|VHWTest|WPLTest|VDMTest|MWDTest|RPMTest|PositionParserTest|SentenceParserTest|HDTTest|RSATest|MWVTest|RTETest|ROTTest|VBWTest|MMBTest|GSVTest|VDRTest|GBSTest|AISMessage24ParserTest|RMCTest|SentenceValidatorTest|MTWTest|DTMTest|ZDATest|MDATest|GLLTest|XTETest|TalkerIdTest|DPTTest|STALKTest|GSTTest|WaypointTest|HeadingProviderTest|VLWTest|AISMessage04Test|AISPositionReportBParserTest
corpus-70.csv,pass,GGATest|MDATest|HDTTest|VDRTest|TXTTest|GNSTest|PositionProviderTest|HeadingProviderTest|HTDTest|GSVTest|ChecksumTest|SentenceValidatorTest|Latitude27Test|SpeedOverGroundTest|HDMTest|AbstractSentenceListenerTest|Longitude28Test|ZDATest|DTMTest|TalkerIdTest|VTGTest|HDGTest|DPTTest|RPMTest|AISMessageFactoryTest|RSATest|MMBTest|MWDTest|GSATest|MTATest|XTETest|MTWTest|SentenceReaderTest|RMBTest|AISMessage04Test|GSTTest|WPLTest|GBSTest|MHUTest|AISMessage05Test|VHWTest|ROTTest|GLLTest|MWVTest|RMCTest|PositionTest|SentenceParserTest|AISPositionReportParserTest|DBTTest|SentenceFactoryTest|RTETest|AISMessage24ParserTest|PositionParserTest|SentenceIdTest|TTMTest|STALKTest|XDRTest|VDMTest|VLWTest|AISMessageParserTest|AISPositionReportBParserTest|VDOTest|BODTest|AISMessage21ParserTest|DateTest|APBTest
corpus-70.csv,pass,AISMessage24ParserTest|MDATest|ROTTest|SentenceReaderTest|Longitude28Test|WaypointTest|MWVTest|SentenceValidatorTest|ZDATest|VDRTest|SentenceFactoryTest|AISPositionReportBParserTest|HeadingProviderTest|SentenceParserTest|GGATest|SentenceIdTest|RPMTest|ChecksumTest|MTATest|MMBTest|XDRTest|Latitude27Test|HDGTest|TalkerIdTest|PositionParserTest|VHWTest|GSTTest|AISMessage04Test|WPLTest|PositionTest|HDMTest|TTMTest|GLLTest|RMBTest|AISMessage05Test|APBTest|DBTTest|AbstractSentenceListenerTest|VLWTest|AISPositionReportParserTest|MHUTest|HTDTest|DTMTest|AISMessage09ParserTest|DPTTest|VDOTest|VTGTest|RMCTest|PositionProviderTest|GNSTest
corpus-70.csv,pass,Latitude27Test|TTMTest|WPLTest|VDRTest|ChecksumTest|GLLTest|WaypointTest|ROTTest|ZDATest|RTETest|SentenceIdTest|MTATest|PositionProviderTest|XDRTest|RPMTest|AISPositionReportParserTest|MWVTest|GSVTest|AbstractSentenceListenerTest|DateTest|VBWTest|AISMessageParserTest|Longitude28Test|HTDTest|AISMessage24ParserTest|AISMessage09ParserTest|AISMessage04Test|RSATest|APBTest|XTETest|AISPositionReportBParserTest|GBSTest|TimeTest|AISMessage21ParserTest|BODTest|RMBTest|TalkerIdTest|HDTTest|SentenceReaderTest|VDOTest|HDGTest|MDATest|RMCTest|AISMessage05Test|HDMTest
corpus-70.csv,pass,DateTest|MWDTest|GSTTest|VLWTest|Latitude27Test|SentenceFactoryTest|APBTest|VHWTest|HTDTest|DTMTest|VBWTest|GSVTest|HeadingProviderTest|STALKTest|AISMessageFactoryTest|DPTTest|SentenceValidatorTest|SpeedOverGroundTest|DBTTest|Longitude28Test|GBSTest|SentenceIdTest|AISMessage09ParserTest|AISMessage21ParserTest|ChecksumTest|AISMessage04Test|GGATest|ROTTest|WaypointTest|AbstractSentenceListenerTest|VTGTest|WPLTest|MDATest|AISMessageParserTest|SentenceParserTest|PositionTest|GNSTest|TimeTest|RTETest|HDTTest|AISMessage05Test|TXTTest|SentenceReaderTest|AISPositionReportBParserTest|MWVTest|GLLTest|GSATest|VDRTest|RPMTest|MMBTest|HDGTest|PositionProviderTest|MTWTest|XDRTest|RMCTest|RMBTest
corpus-70.csv,pass,XDRTest|XTETest|AISPositionReportParserTest|Latitude27Test|AISMessage04Test|Longitude28Test|VHWTest|MMBTest|GSTTest|VBWTest|DateTest|GGATest|PositionParserTest|GSATest|SentenceParserTest|DBTTest|BODTest|WaypointTest|VDOTest|AISMessageFactoryTest|VTGTest|MWDTest|TXTTest|MHUTest|AbstractSentenceListenerTest|RSATest|VLWTest|ZDATest|ROTTest|RMBTest|DPTTest|MTWTest|RPMTest|DTMTest|PositionTest|AISMessage05Test|MDATest|TimeTest|PositionProviderTest|TalkerIdTest|MWVTest|HDMTest|WPLTest|GSVTest|AISMessage09ParserTest|AISMessage21ParserTest|HeadingProviderTest|RMCTest|AISMessageParserTest|HDGTest|SentenceReaderTest|RTETest|ChecksumTest|SentenceFactoryTest|GNSTest|HDTTest|VDRTest|SentenceValidatorTest|MTATest|TTMTest|AISPositionReportBParserTest|GBSTest|HTDTest|APBTest
corpus-70.csv,pass,VDMTest|ROTTest|MHUTest|TimeTest|MDATest|Latitude27Test|AISMessage09ParserTest|DTMTest|SentenceValidatorTest|STALKTest|MTWTest|HTDTest|WaypointTest|VLWTest|MWVTest|PositionTest|HDGTest|HDMTest|PositionParserTest|MMBTest|GSVTest|VDOTest|DBTTest|ZDATest|ChecksumTest|AISPositionReportBParserTest|TXTTest|AbstractSentenceListenerTest|GSATest|RMCTest|DateTest|Longitude28Test
corpus-70.csv,pass,STALKTest|DPTTest|SpeedOverGroundTest|VDRTest|GSTTest|GSATest|HeadingProviderTest|GSVTest|MHUTest|ChecksumTest|APBTest
corpus-70.csv,pass,SentenceValidatorTest|MWVTest|RPMTest|RMBTest|AISMessageFactoryTest|PositionProviderTest|AISMessage05Test|VTGTest|MWDTest|TTMTest|HTDTest|Latitude27Test|RMCTest|VDRTest|TimeTest|VBWTest|AISPositionReportParserTest|AISMessage04Test|PositionParserTest|XTETest|GSATest|AISMessageParserTest|GBSTest|AbstractSentenceListenerTest|XDRTest|AISMessage24ParserTest|DPTTest|RTETest|DateTest|AISMessage21ParserTest|MTATest|PositionTest|TalkerIdTest|ChecksumTest|HDTTest|DTMTest|Longitude28Test|HeadingProviderTest|ROTTest|HDGTest|GLLTest|MMBTest|DBTTest|TXTTest
corpus-70.csv,pass,APBTest|ROTTest|VBWTest|AISMessage05Test|MTWTest|VHWTest|VLWTest
corpus-70.csv,pass,GSTTest|HTDTest|WaypointTest|AISMessageParserTest|MMBTest|GSATest|GLLTest|AISMessage04Test|SentenceIdTest|TTMTest|MHUTest|RSATest|DateTest|VDOTest|VDRTest|WPLTest|RPMTest|AbstractSentenceListenerTest|MTWTest|ChecksumTest|DPTTest|SentenceFactoryTest|Longitude28Test|VTGTest|XTETest|HDTTest|HeadingProviderTest|GGATest|AISMessage09ParserTest|AISMessage21ParserTest|PositionParserTest|GSVTest|SentenceParserTest|APBTest|VBWTest|VDMTest|ZDATest|MWVTest|RTETest|TalkerIdTest|SentenceValidatorTest|TimeTest|PositionTest|ROTTest|MWDTest|GNSTest|AISMessageFactoryTest
corpus-70.csv,pass,DBTTest|MDATest|PositionParserTest|MWVTest|SentenceFactoryTest|DTMTest|VBWTest|HTDTest|SpeedOverGroundTest|APBTest|GSTTest|MMBTest|AISMessageFactoryTest|WaypointTest|AbstractSentenceListenerTest|VHWTest|SentenceIdTest|GLLTest|BODTest|VDMTest|AISMessage05Test|GGATest|XTETest|RMCTest|TTMTest|GBSTest|AISMessageParserTest|RTETest|MHUTest|AISPositionReportBParserTest|HDTTest|RMBTest|VLWTest|HDGTest|ZDATest|STALKTest|VDOTest|TalkerIdTest|RPMTest|HDMTest|HeadingProviderTest|PositionTest|AISMessage24ParserTest|SentenceParserTest|AISMessage04Test|RSATest|TimeTest|PositionProviderTest|WPLTest|MTWTest|AISMessage21ParserTest|AISPositionReportParserTest|GSVTest|VTGTest
corpus-70.csv,pass,RPMTest|AISMessageFactoryTest|Latitude27Test|ROTTest|PositionTest|MTWTest|MWVTest|HeadingProviderTest|APBTest|SentenceReaderTest|AISMessageParserTest|SentenceFactoryTest|WaypointTest|SentenceParserTest|VDRTest|DTMTest|WPLTest|AISPositionReportParserTest|XTETest|VBWTest|GSTTest|AISMessage24ParserTest|VDMTest|MWDTest|PositionProviderTest|STALKTest|SpeedOverGroundTest|GNSTest|RSATest|VDOTest|XDRTest|PositionParserTest|DPTTest|TalkerIdTest|AISMessage21ParserTest|TTMTest|GSATest|HDGTest|GSVTest|VTGTest|RMBTest|SentenceIdTest|DateTest|ZDATest|Longitude28Test|GGATest|MDATest|BODTest|MTATest|VHWTest|GBSTest|TXTTest|HDTTest|AbstractSentenceListenerTest|AISPositionReportBParserTest
corpus-70.csv,pass,MWVTest|DateTest|TXTTest|BODTest|VDMTest|PositionTest|RTETest|HDGTest|AISPositionReportParserTest|RMBTest|Longitude28Test|AISMessage24ParserTest|GNSTest|GGATest|ChecksumTest|AISMessageFactoryTest|MTATest|GBSTest|TimeTest|AISMessage04Test|SentenceParserTest|MHUTest|SentenceFactoryTest|SentenceIdTest|ZDATest|PositionProviderTest|SentenceReaderTest|APBTest|MWDTest|VDOTest|MTWTest|SentenceValidatorTest|AbstractSentenceListenerTest|RMCTest|DBTTest|HDMTest|XTETest|AISMessageParserTest|DTMTest|Latitude27Test|WaypointTest|AISMessage05Test|VLWTest|HeadingProviderTest|VBWTest|RPMTest|DPTTest
corpus-70.csv,pass,SentenceReaderTest|XDRTest|TimeTest|AISMessage09ParserTest|TXTTest|MTATest|MMBTest|VDRTest|VLWTest|MTWTest|AISMessageParserTest|AISMessage05Test|RPMTest|GLLTest|Latitude27Test|SentenceParserTest|MWVTest|STALKTest|DTMTest|HDGTest|AbstractSentenceListenerTest|BODTest|AISMessage24ParserTest|GSVTest|SentenceFactoryTest|HDMTest|AISMessage04Test|GGATest|RMCTest|GSATest|WPLTest|APBTest|RTETest|SentenceValidatorTest|VBWTest|DateTest|AISMessageFactoryTest|MWDTest|RMBTest|VDOTest|WaypointTest|XTETest|MDATest|HTDTest|RSATest|TTMTest|SentenceIdTest|VTGTest|ROTTest|GBSTest|SpeedOverGroundTest|DPTTest|GNSTest|ChecksumTest|HeadingProviderTest|AISMessage21ParserTest|HDTTest|MHUTest|PositionTest|Longitude28Test|AISPositionReportParserTest|PositionProviderTest|GSTTest|TalkerIdTest|PositionParserTest|ZDATest
corpus-70.csv,pass,VHWTest|VLWTest|MDATest|GLLTest|XTETest|RSATest
corpus-70.csv,pass,VDMTest|WPLTest|VDOTest|APBTest|VBWTest|AISMessage05Test|Latitude27Test|PositionTest|TXTTest|MDATest|STALKTest|TimeTest|WaypointTest|AISMessage09ParserTest|SentenceReaderTest|DTMTest|SentenceFactoryTest|TalkerIdTest|ROTTest|HDGTest|HDMTest|RPMTest|GSTTest|TTMTest
corpus-70.csv,pass,RTETest|VLWTest|AISMessage05Test|AISMessageFactoryTest|HeadingProviderTest|MDATest|WPLTest|ChecksumTest|SentenceIdTest|ZDATest|ROTTest|SentenceFactoryTest|WaypointTest|GLLTest|STALKTest|RMBTest|DPTTest|DateTest|RSATest|HDGTest|AISPositionReportParserTest|BODTest|HTDTest|SentenceParserTest|VHWTest|GNSTest|Latitude27Test|TimeTest|AbstractSentenceListenerTest|HDMTest|XTETest|DBTTest|MTWTest|VBWTest|SentenceValidatorTest|GSATest|MTATest|DTMTest|XDRTest|RMCTest|SentenceReaderTest|AISPositionReportBParserTest|Longitude28Test|SpeedOverGroundTest|TTMTest
corpus-70.csv,pass,XDRTest|GSATest|PositionParserTest|TTMTest|AbstractSentenceListenerTest|VLWTest|RPMTest|DTMTest|SentenceReaderTest|MWDTest|GGATest|MTATest|MTWTest|Latitude27Test|ChecksumTest|RTETest|DBTTest|XTETest|SentenceFactoryTest|SentenceIdTest|MHUTest|AISPositionReportBParserTest|VHWTest|PositionTest|GSTTest|MWVTest|TalkerIdTest|HDGTest|ZDATest|BODTest|Longitude28Test|AISMessage05Test|TimeTest|GSVTest|AISMessage24ParserTest|RMBTest|HDTTest|SpeedOverGroundTest|VDMTest|RMCTest|HDMTest|APBTest|STALKTest|AISMessage04Test|AISMessageFactoryTest|PositionProviderTest
corpus-70.csv,pass,Longitude28Test|SentenceValidatorTest|HDTTest|SentenceFactoryTest|AISMessage05Test|RMCTest|HDGTest|ZDATest|MWVTest|GLLTest|SpeedOverGroundTest|MTATest|AISMessage04Test|XDRTest|RSATest|Latitude27Test|VLWTest
corpus-70.csv,pass,BODTest|VDRTest|ChecksumTest|DTMTest|GSVTest|HTDTest|SentenceReaderTest|SentenceParserTest|HDTTest|PositionProviderTest|AISMessage04Test|ZDATest|MDATest|VHWTest|TTMTest|SentenceIdTest|RPMTest|AISMessage21ParserTest|MWDTest|VDMTest|DateTest|Longitude28Test|HDMTest|HDGTest|AISMessageParserTest|XDRTest|ROTTest|GBSTest|TXTTest|VTGTest|GGATest|AISPositionReportBParserTest|Latitude27Test|WaypointTest|RMCTest|SentenceValidatorTest|WPLTest|SentenceFactoryTest|AISMessage24ParserTest|MTWTest|PositionParserTest|PositionTest|XTETest|VDOTest|VBWTest|GLLTest|TalkerIdTest|HeadingProviderTest|APBTest|AbstractSentenceListenerTest|MTATest|GSATest|RMBTest|AISMessageFactoryTest|VLWTest|GNSTest|GSTTest|RSATest|STALKTest|AISMessage05Test|MWVTest|AISMessage09ParserTest|MMBTest|RTETest
corpus-70.csv,pass,ChecksumTest|HTDTest|WPLTest|MTWTest|TimeTest|HDMTest|GSVTest|SpeedOverGroundTest|SentenceIdTest|AISMessage05Test|TalkerIdTest|AISMessage21ParserTest|WaypointTest|VDMTest|SentenceFactoryTest|RMBTest|GSATest|SentenceValidatorTest|ROTTest|BODTest|SentenceParserTest|TTMTest|HDGTest|AISMessageParserTest|AISMessage09ParserTest|HeadingProviderTest|PositionParserTest|MTATest|DPTTest|DTMTest|AISMessage04Test|MDATest|AISMessage24ParserTest|RMCTest|RPMTest|VDOTest|GGATest|Longitude28Test|VHWTest|AISMessageFactoryTest|RTETest|SentenceReaderTest|VLWTest|ZDATest|TXTTest|RSATest|MMBTest|MHUTest|XDRTest|AISPositionReportBParserTest|STALKTest|DateTest|GBSTest
corpus-70.csv,pass,MDATest|BODTest|GNSTest|TTMTest|Latitude27Test|ROTTest|PositionProviderTest|SentenceFactoryTest|GLLTest|GSVTest|AISMessage05Test|SentenceReaderTest|AISMessage09ParserTest|HDGTest|TXTTest|HDTTest|AISPositionReportParserTest|VDMTest|ChecksumTest|AISMessage21ParserTest|SentenceValidatorTest|HTDTest
corpus-70.csv,pass,VTGTest|RTETest|AISMessageParserTest|GSATest|AISMessageFactoryTest|SentenceValidatorTest|PositionTest|VLWTest|DTMTest|GSVTest|TalkerIdTest|BODTest|MWVTest|SentenceReaderTest|AISMessage04Test|TimeTest|AbstractSentenceListenerTest|ROTTest|VDMTest
corpus-70.csv,pass,AISPositionReportParserTest|GSATest|SentenceValidatorTest|ROTTest|Latitude27Test|GLLTest|SentenceIdTest|ZDATest|MHUTest|GSTTest|VDOTest|VTGTest|RPMTest|ChecksumTest|HDMTest|AISMessage21ParserTest|GSVTest|PositionProviderTest|AISMessage05Test|SpeedOverGroundTest|AbstractSentenceListenerTest|GGATest|HDTTest|XTETest|VDRTest|SentenceParserTest|AISMessage04Test|WPLTest|HTDTest|APBTest|TalkerIdTest|HDGTest|RTETest|Longitude28Test|PositionParserTest|MTATest|GNSTest|VHWTest|DateTest|PositionTest|VBWTest|HeadingProviderTest|AISMessageFactoryTest|RMBTest|MDATest|STALKTest|DTMTest|WaypointTest|AISMessage24ParserTest|TimeTest|AISMessage09ParserTest|RMCTest|DBTTest|MWDTest|SentenceReaderTest|AISPositionReportBParserTest|BODTest|AISMessageParserTest|GBSTest|RSATest|MWVTest|MTWTest|TTMTest|VLWTest|TXTTest
corpus-70.csv,pass,HDGTest|AISPositionReportParserTest|AISMessage04Test|HDMTest|DPTTest|GGATest|TalkerIdTest|MHUTest|RSATest|VHWTest|MDATest|SentenceIdTest|GBSTest|MTATest|AISMessageFactoryTest|ZDATest|RPMTest|TimeTest|ROTTest|GLLTest|SentenceFactoryTest|AISMessage05Test|HDTTest|AISPositionReportBParserTest|MTWTest|STALKTest|AISMessage09ParserTest|WaypointTest|WPLTest|HeadingProviderTest|MMBTest|GSATest|BODTest|VTGTest|TTMTest|SpeedOverGroundTest|Latitude27Test|GNSTest|PositionParserTest|AISMessage21ParserTest|AbstractSentenceListenerTest|DTMTest|GSVTest|APBTest|RTETest|RMCTest|AISMessageParserTest|VBWTest|VLWTest|TXTTest|RMBTest|DBTTest
corpus-70.csv,pass,PositionParserTest|HDGTest|MTATest|VTGTest|RMBTest|GBSTest|PositionTest|DPTTest|Longitude28Test|HDMTest|SentenceFactoryTest|ZDATest|DateTest|TimeTest|WPLTest|VDRTest|XTETest|DTMTest|Latitude27Test|SentenceIdTest|RTETest|AISPositionReportBParserTest|AISMessage09ParserTest|AISMessageFactoryTest|MHUTest|VBWTest|AISMessage21ParserTest|GNSTest|MWVTest|VDOTest|AISMessage24ParserTest|TTMTest|TalkerIdTest|GSTTest|APBTest|ROTTest|HeadingProviderTest|HTDTest|PositionProviderTest|WaypointTest|HDTTest|STALKTest|MDATest|MTWTest|AISPositionReportParserTest|GGATest|XDRTest|SentenceReaderTest
corpus-70.csv,pass,MDATest|ROTTest|BODTest|PositionParserTest|MHUTest|RPMTest|DTMTest|XDRTest|PositionProviderTest|MTATest|VTGTest|AISMessage04Test|MTWTest|GNSTest|APBTest|VBWTest|DPTTest|RMCTest|SentenceParserTest|TXTTest|RSATest|AISMessageParserTest|HDGTest|WPLTest
corpus-70.csv,pass,AISPositionReportParserTest|TXTTest|MTWTest|MHUTest|VDOTest|AISMessage21ParserTest|VTGTest|GSVTest|MMBTest|DBTTest|AISMessageParserTest|GNSTest|GBSTest|MWVTest|TTMTest|TimeTest|Latitude27Test|MTATest|MWDTest|HDTTest|APBTest|SentenceFactoryTest|AISMessageFactoryTest|SentenceParserTest|VDRTest|XTETest|SentenceIdTest|GSATest|AISMessage09ParserTest|HTDTest|BODTest|DPTTest|AISMessage24ParserTest|HeadingProviderTest|GGATest|ROTTest|VHWTest|SentenceReaderTest|VLWTest|RPMTest|DateTest|VBWTest|RTETest|PositionProviderTest|HDGTest|TalkerIdTest|ZDATest|WPLTest|XDRTest|GLLTest|SentenceValidatorTest|DTMTest|Longitude28Test|HDMTest|SpeedOverGroundTest|RMBTest|WaypointTest|PositionParserTest|AbstractSentenceListenerTest|MDATest|STALKTest|AISMessage05Test
corpus-70.csv,pass,HDGTest|HDTTest|RPMTest|MMBTest|ZDATest|AISMessageParserTest|AISMessageFactoryTest|RMCTest|VDMTest|GNSTest|HDMTest|VHWTest|DBTTest|PositionProviderTest|RSATest|VLWTest|TXTTest|VTGTest|DateTest|Longitude28Test|MTATest|Latitude27Test|SentenceParserTest|MWVTest|AISPositionReportBParserTest|WaypointTest|AISMessage05Test|AISMessage24ParserTest|MHUTest|SentenceValidatorTest|HeadingProviderTest|BODTest|MDATest|GBSTest|RTETest|VDRTest|TimeTest|HTDTest|SentenceFactoryTest|XDRTest|MWDTest|GGATest|SentenceIdTest|ChecksumTest|XTETest|AISMessage04Test|MTWTest|AbstractSentenceListenerTest|RMBTest|DPTTest|AISMessage21ParserTest|TTMTest|STALKTest|GLLTest|VBWTest|SentenceReaderTest|TalkerIdTest|DTMTest|AISPositionReportParserTest|GSVTest
corpus-70.csv,pass,APBTest|SpeedOverGroundTest|SentenceReaderTest|DateTest|RMCTest|VLWTest|AISMessage09ParserTest|DTMTest|VHWTest|MWVTest|SentenceValidatorTest|HDTTest|MDATest|AISMessage21ParserTest|GSTTest|SentenceFactoryTest|VTGTest|Latitude27Test|GGATest|TXTTest|PositionProviderTest|VDOTest|GBSTest|MTATest|RMBTest|AISPositionReportBParserTest|HTDTest|GNSTest|MWDTest|VDRTest|RSATest
corpus-70.csv,pass,MTWTest|SentenceReaderTest|MWDTest|MDATest|DPTTest|Latitude27Test|SpeedOverGroundTest|STALKTest|VTGTest|AbstractSentenceListenerTest|AISMessageFactoryTest|VLWTest|SentenceValidatorTest|PositionParserTest|GSTTest|DateTest|GGATest|AISMessage05Test|RPMTest|APBTest|DTMTest|ROTTest|PositionTest|MMBTest|AISPositionReportBParserTest|AISPositionReportParserTest|VBWTest|AISMessage09ParserTest|Longitude28Test|MWVTest|HDGTest|RMCTest|MTATest|AISMessageParserTest|BODTest|RTETest|PositionProviderTest|GLLTest|TimeTest|TTMTest|AISMessage21ParserTest|XTETest|TXTTest|XDRTest|MHUTest
corpus-70.csv,pass,RMBTest|DateTest|HDTTest|MMBTest|XDRTest|PositionProviderTest|HDGTest|VLWTest|Longitude28Test|GNSTest|HeadingProviderTest|TXTTest|VTGTest|WPLTest|SpeedOverGroundTest|ROTTest|TimeTest|DBTTest|VDOTest|RMCTest|AISPositionReportParserTest|MTWTest
corpus-70.csv,pass,DateTest|RMBTest|MTWTest|GGATest|AISMessage24ParserTest|PositionProviderTest|SentenceIdTest|TimeTest|SpeedOverGroundTest|TTMTest|AISMessage04Test|DPTTest|DBTTest|GBSTest|VTGTest|SentenceReaderTest|AISPositionReportParserTest|HDGTest|HTDTest|AISMessage09ParserTest|VBWTest|AISMessage05Test|MDATest|VDMTest|ROTTest|ZDATest|HeadingProviderTest|ChecksumTest|GSVTest|MTATest|MWDTest|AISMessage21ParserTest|Longitude28Test|MMBTest|TalkerIdTest|SentenceFactoryTest|MHUTest|WPLTest|AISPositionReportBParserTest|GSATest|WaypointTest|VHWTest|APBTest|AISMessageFactoryTest|AISMessageParserTest|RSATest|SentenceParserTest|STALKTest|HDTTest|XTETest|TXTTest|PositionTest|GNSTest|MWVTest|SentenceValidatorTest|VDRTest|HDMTest|RMCTest|RPMTest|Latitude27Test
corpus-70.csv,pass,AISPositionReportBParserTest|GGATest|AISMessage24ParserTest|MDATest|GSTTest|WPLTest|WaypointTest|MHUTest|AISMessage09ParserTest|MMBTest|PositionProviderTest|GSATest|SentenceFactoryTest|SentenceValidatorTest|VDMTest|SentenceIdTest|AISMessage04Test|HDGTest|SentenceReaderTest|VLWTest|VDRTest|BODTest|APBTest|TTMTest|STALKTest|Longitude28Test|RSATest|AISPositionReportParserTest|TalkerIdTest
corpus-70.csv,pass,TimeTest|DPTTest|TTMTest|GNSTest|DTMTest|PositionProviderTest|GSVTest|VTGTest|DateTest|WPLTest|AISMessage05Test|MWVTest|Longitude28Test|GGATest|HDTTest|XTETest|GBSTest|Latitude27Test|TXTTest|WaypointTest|HDMTest|STALKTest|ZDATest|AISMessage04Test|APBTest|MDATest|SentenceParserTest|BODTest|PositionTest|SentenceIdTest|AISPositionReportBParserTest|PositionParserTest|AbstractSentenceListenerTest|ChecksumTest|AISMessage09ParserTest|SpeedOverGroundTest|RPMTest|VDRTest
corpus-70.csv,pass,SentenceReaderTest|STALKTest|BODTest|VBWTest|APBTest|RSATest|VTGTest|AISPositionReportParserTest|RPMTest|DateTest|MWVTest|GSVTest|XDRTest|PositionTest|TalkerIdTest|SpeedOverGroundTest|SentenceFactoryTest|HeadingProviderTest|GGATest|GSATest|AISMessage09ParserTest|TimeTest|PositionProviderTest|AISPositionReportBParserTest|AISMessage21ParserTest|Longitude28Test|MHUTest|Latitude27Test|MMBTest|ZDATest|VHWTest|WPLTest|HDMTest|DTMTest|HDTTest|TTMTest|AbstractSentenceListenerTest|SentenceValidatorTest|MWDTest|AISMessage24ParserTest|RMBTest|SentenceIdTest|RMCTest
corpus-70.csv,pass,APBTest|STALKTest|HDGTest|GNSTest|TalkerIdTest|PositionParserTest|RMCTest|HDMTest|MMBTest|VBWTest|Longitude28Test|Latitude27Test|AbstractSentenceListenerTest|HDTTest|ZDATest|GSTTest|SentenceValidatorTest|RPMTest|PositionProviderTest|HeadingProviderTest|AISMessageParserTest|TXTTest|AISMessage24ParserTest|AISMessage04Test|SentenceFactoryTest|SpeedOverGroundTest|PositionTest|MWVTest|AISMessage09ParserTest|ROTTest|XTETest|GLLTest|VHWTest|TimeTest|AISPositionReportParserTest|AISMessageFactoryTest|GBSTest|DPTTest|RTETest|RSATest|SentenceIdTest|TTMTest|GSVTest|SentenceParserTest|VTGTest|VDMTest|VLWTest|HTDTest|DTMTest|MDATest|DBTTest|XDRTest|AISMessage05Test|BODTest|SentenceReaderTest|GGATest|AISMessage21ParserTest|VDRTest|ChecksumTest
corpus-70.csv,pass,GNSTest|XDRTest|TalkerIdTest|HeadingProviderTest|GLLTest|VDOTest|DateTest|MTWTest|PositionParserTest|RTETest|AISMessage05Test|AISMessage09ParserTest
corpus-70.csv,pass,AISMessageFactoryTest|AISPositionReportParserTest|MDATest|SentenceParserTest|Longitude28Test|APBTest|SentenceReaderTest|AbstractSentenceListenerTest|DTMTest|VBWTest
corpus-70.csv,pass,RPMTest|SpeedOverGroundTest|MWDTest|AISMessageParserTest|RMCTest|HDGTest|DTMTest|MTATest|AISMessage24ParserTest|AISPositionReportBParserTest|MTWTest|AISMessage04Test|MHUTest|DateTest|HDMTest|TalkerIdTest|GSTTest|PositionParserTest|TXTTest|AISMessage05Test|HDTTest|VTGTest|RMBTest|WaypointTest|SentenceParserTest|HTDTest|BODTest|GLLTest|SentenceValidatorTest|GGATest|PositionProviderTest|SentenceReaderTest|AISMessageFactoryTest|GBSTest|HeadingProviderTest|GSATest|WPLTest|XDRTest|VHWTest|AISMessage09ParserTest|VLWTest|MWVTest|Latitude27Test|TimeTest|AISMessage21ParserTest|GNSTest|VBWTest|APBTest|STALKTest|ChecksumTest|GSVTest|Longitude28Test|VDOTest|VDMTest|DPTTest|MDATest|VDRTest|RTETest
corpus-70.csv,pass,STALKTest|TTMTest|MHUTest|RMCTest|DPTTest|RSATest|RPMTest|AISMessage21ParserTest|AISMessage24ParserTest|HDTTest|DateTest|GLLTest|HDMTest|BODTest|VDRTest|VBWTest|VLWTest|XDRTest|MTWTest|GSTTest|DTMTest|SentenceParserTest|WaypointTest|GSVTest|AISMessageParserTest|SentenceValidatorTest|MTATest|MWDTest|AISMessage04Test|ChecksumTest|HDGTest|Longitude28Test|AISMessage05Test
corpus-70.csv,pass,RTETest|ZDATest|MTWTest|SpeedOverGroundTest|GNSTest|AISMessage21ParserTest|HDMTest|MWDTest|BODTest|Longitude28Test|STALKTest|SentenceReaderTest|MTATest|SentenceParserTest|MHUTest
corpus-70.csv,pass,AISMessageParserTest|TalkerIdTest|BODTest|VDRTest
corpus-70.csv,pass,XDRTest|SentenceValidatorTest|WaypointTest|TXTTest|DBTTest|GBSTest|HDTTest|AISMessage04Test|AISMessageParserTest|ChecksumTest|VBWTest|RPMTest|VHWTest|GSVTest|DPTTest|TalkerIdTest|SpeedOverGroundTest|VLWTest|GGATest|HDGTest|AISMessage09ParserTest|Longitude28Test|RMCTest|VDOTest|MMBTest|XTETest|AISPositionReportParserTest|DateTest|VDRTest
corpus-70.csv,pass,AbstractSentenceListenerTest|GSVTest|GBSTest|MWVTest|SentenceIdTest|GGATest|AISMessage04Test|ChecksumTest|GNSTest|VTGTest|GSATest|WPLTest|DPTTest|AISMessage21ParserTest|MWDTest|SentenceValidatorTest|TimeTest|DBTTest|AISMessage09ParserTest|HDGTest|AISMessageParserTest|VDOTest|ROTTest|ZDATest|PositionProviderTest|AISMessage05Test
corpus-70.csv,pass,VDRTest|MTWTest|VDMTest|AISMessage21ParserTest|XDRTest|GLLTest|HTDTest|SentenceFactoryTest|MMBTest|ROTTest|AISMessageParserTest|DateTest|VDOTest|RTETest|SentenceIdTest|TTMTest|APBTest|WaypointTest|WPLTest|AISPositionReportParserTest|MTATest|PositionProviderTest|VBWTest|STALKTest|XTETest|AISPositionReportBParserTest|GSATest|HDGTest|RSATest|PositionTest|PositionParserTest|Longitude28Test|BODTest|HDMTest|VLWTest|VTGTest|MDATest|TalkerIdTest|MHUTest
corpus-70.csv,pass,MMBTest|STALKTest|BODTest|MWVTest|AISMessage04Test|GNSTest|MTWTest|WaypointTest|HDMTest|VBWTest|HeadingProviderTest|AISMessageFactoryTest|VDOTest|WPLTest|PositionProviderTest|AISMessage05Test|DBTTest|XTETest|GSATest|SpeedOverGroundTest|AISMessageParserTest|VTGTest|AbstractSentenceListenerTest|SentenceValidatorTest|TalkerIdTest|GSVTest|RTETest|HDTTest|HDGTest|HTDTest|PositionParserTest|VDRTest|Longitude28Test|AISPositionReportBParserTest|SentenceParserTest|RMCTest|ChecksumTest|GLLTest|GSTTest|PositionTest
corpus-70.csv,pass,AISMessageParserTest|TTMTest|TalkerIdTest|SentenceReaderTest|GSATest|MTWTest|Latitude27Test|VDOTest|RPMTest|RSATest|PositionTest|RMCTest|DPTTest|AISPositionReportBParserTest|APBTest|MDATest|SentenceIdTest
module3-run-A-alone,pass,
module3-run-B-polluter-then-victim,fail,SentenceFactoryTest
